Course Name,Timestamp,Rating,Comment
Data Engineering using AWS Data Analytics Services,2022-08-13 06:53:15,4.5,
"Data Engineering Essentials using SQL, Python, and PySpark",2022-08-13 05:59:54,4.5,"Yes , It was amazing. But I have a doubt regarding the lab . I purchased this course 3-4 months ago. Can I still able to use the lab. Now I got time to learn this."
Data Engineering using AWS Data Analytics Services,2022-08-13 05:04:00,5.0,
Spark SQL and PySpark 3 using Python 3 Hands-On with Labs,2022-08-13 01:56:14,5.0,
Data Engineering using AWS Data Analytics Services,2022-08-12 21:43:08,5.0,
Spark SQL and PySpark 3 using Python 3 Hands-On with Labs,2022-08-12 21:26:36,5.0,
"Data Engineering Essentials using SQL, Python, and PySpark",2022-08-12 15:48:52,1.0,too fast and marketing the it versity
Mastering SQL using Postgresql,2022-08-12 15:30:41,5.0,
Databricks Certified Associate Developer - Apache Spark 2022,2022-08-12 14:51:43,5.0,
Databricks Certified Associate Developer - Apache Spark 2022,2022-08-12 13:42:22,3.0,
Practical Guide to setup Hadoop and Spark Cluster using CDH,2022-08-12 07:20:06,4.5,
Databricks Certified Associate Developer - Apache Spark 2022,2022-08-12 07:12:12,3.5,
"Data Engineering Essentials using SQL, Python, and PySpark",2022-08-12 06:04:37,5.0,
Databricks Certified Associate Developer - Apache Spark 2022,2022-08-12 05:43:17,4.0,
"Data Engineering Essentials using SQL, Python, and PySpark",2022-08-11 20:53:32,5.0,
"Data Engineering Essentials using SQL, Python, and PySpark",2022-08-11 20:52:21,5.0,
Data Engineering using Databricks on AWS and Azure,2022-08-11 20:34:26,5.0,
Mastering AWS Elastic Map Reduce for Data Engineers,2022-08-11 19:42:09,5.0,
Spark SQL and Spark 3 using Scala Hands-On with Labs,2022-08-11 17:38:11,5.0,
Databricks Certified Associate Developer - Apache Spark 2022,2022-08-11 17:28:27,5.0,Awesome course !!
Databricks Certified Associate Developer - Apache Spark 2022,2022-08-11 10:51:27,5.0,Awesome!
Data Engineering using AWS Data Analytics Services,2022-08-11 06:58:29,5.0,
"Data Engineering Essentials using SQL, Python, and PySpark",2022-08-11 06:52:46,5.0,
Data Engineering using AWS Data Analytics Services,2022-08-11 03:16:42,4.0,
"Data Engineering Essentials using SQL, Python, and PySpark",2022-08-11 02:34:33,4.5,Good
Getting Started with AWS Lambda Functions using Python,2022-08-10 19:22:34,5.0,very great course to begin with
Data Engineering using AWS Data Analytics Services,2022-08-10 17:23:02,4.5,
"Sqoop, Hive and Impala for Data Analysts (Formerly CCA 159)",2022-08-10 16:54:20,4.0,
Getting Started with AWS Lambda Functions using Python,2022-08-10 16:44:01,5.0,
"Sqoop, Hive and Impala for Data Analysts (Formerly CCA 159)",2022-08-10 14:37:48,5.0,
Data Engineering using Databricks on AWS and Azure,2022-08-10 12:51:20,5.0,
Scala and Spark 2 - Getting Started,2022-08-10 11:50:26,4.5,
Data Engineering using AWS Data Analytics Services,2022-08-10 10:50:58,5.0,
"Data Engineering Essentials using SQL, Python, and PySpark",2022-08-10 10:35:45,5.0,
Spark SQL and Spark 3 using Scala Hands-On with Labs,2022-08-10 08:39:37,4.5,
"Data Engineering Essentials using SQL, Python, and PySpark",2022-08-10 06:23:32,5.0,
Data Engineering using Databricks on AWS and Azure,2022-08-10 05:26:19,4.5,
Spark SQL and PySpark 3 using Python 3 Hands-On with Labs,2022-08-10 05:02:34,4.5,
"Data Engineering Essentials using SQL, Python, and PySpark",2022-08-09 21:56:20,5.0,
"Data Engineering Essentials using SQL, Python, and PySpark",2022-08-09 20:31:58,5.0,
"Data Engineering Essentials using SQL, Python, and PySpark",2022-08-09 20:29:40,5.0,
Data Engineering using AWS Data Analytics Services,2022-08-09 20:09:37,5.0,
Data Engineering using Databricks on AWS and Azure,2022-08-09 18:09:19,2.5,
Databricks Certified Associate Developer - Apache Spark 2022,2022-08-09 17:56:16,4.0,
Databricks Certified Associate Developer - Apache Spark 2022,2022-08-09 15:21:55,3.0,May be little slow speaking helps. more brief on sql not required
Spark SQL and Spark 3 using Scala Hands-On with Labs,2022-08-09 14:29:44,5.0,
Spark SQL and Spark 3 using Scala Hands-On with Labs,2022-08-09 11:13:07,5.0,
Mastering SQL using Postgresql,2022-08-09 08:52:54,4.5,
"Data Engineering Essentials using SQL, Python, and PySpark",2022-08-09 08:08:17,4.5,"I first found that the course is very detailed, and it is suitable not only for a data analyst to strengthen their skills but also review for further part of this industry."
Getting Started with AWS Lambda Functions using Python,2022-08-09 08:05:22,5.0,
Spark SQL and Spark 3 using Scala Hands-On with Labs,2022-08-09 06:45:47,5.0,
Data Engineering using Databricks on AWS and Azure,2022-08-09 06:30:13,5.0,
Data Engineering using Databricks on AWS and Azure,2022-08-09 05:53:37,4.5,
Data Engineering using Databricks on AWS and Azure,2022-08-09 05:06:24,5.0,
"Data Engineering Essentials using SQL, Python, and PySpark",2022-08-09 03:38:05,5.0,Excellent Teaching
Data Engineering using AWS Data Analytics Services,2022-08-08 19:33:07,5.0,
Databricks Essentials for Spark Developers (Azure and AWS),2022-08-08 17:02:08,5.0,
"Data Engineering Essentials using SQL, Python, and PySpark",2022-08-08 16:03:44,5.0,
"Data Engineering Essentials using SQL, Python, and PySpark",2022-08-08 12:22:00,5.0,The course is great. So many important things are covered which are necessary to excel in your career . Good work by the team.
Spark and Hadoop Practice Tests (Formerly CCA 175 Tests),2022-08-08 10:45:46,3.0,
Data Engineering using Databricks on AWS and Azure,2022-08-08 09:56:07,5.0,
Databricks Essentials for Spark Developers (Azure and AWS),2022-08-08 09:30:20,4.0,
Data Engineering using Databricks on AWS and Azure,2022-08-08 09:05:00,5.0,
"Data Engineering Essentials using SQL, Python, and PySpark",2022-08-08 08:46:16,5.0,
Data Engineering using Databricks on AWS and Azure,2022-08-08 08:42:56,4.0,
Databricks Essentials for Spark Developers (Azure and AWS),2022-08-08 04:43:38,4.5,
"Data Engineering Essentials using SQL, Python, and PySpark",2022-08-08 03:46:21,5.0,
Data Engineering using Databricks on AWS and Azure,2022-08-07 21:50:53,5.0,
Data Engineering using AWS Data Analytics Services,2022-08-07 21:23:11,5.0,
Databricks Certified Associate Developer - Apache Spark 2022,2022-08-07 20:45:08,4.0,
Data Engineering using Databricks on AWS and Azure,2022-08-07 18:58:26,5.0,
Data Engineering using Databricks on AWS and Azure,2022-08-07 17:51:46,1.0,"Waste of money, extreme low level basics that you can find in YouTube videos too , same low level basic content repeated for azure and aws , he can reuse most of the stuff than rewriting the same thing just passing the time ."
Data Engineering using AWS Data Analytics Services,2022-08-07 14:17:52,5.0,
"Sqoop, Hive and Impala for Data Analysts (Formerly CCA 159)",2022-08-07 09:48:23,5.0,Course content is awesome. Durga has explained the concepts in very simple language that even a school student can understand the concepts along with practical handson.
Spark SQL and Spark 3 using Scala Hands-On with Labs,2022-08-07 08:44:28,5.0,
Databricks Certified Associate Developer - Apache Spark 2022,2022-08-07 07:25:22,5.0,
Databricks Certified Associate Developer - Apache Spark 2022,2022-08-07 06:26:11,5.0,
Data Engineering using AWS Data Analytics Services,2022-08-07 05:17:40,5.0,
Data Engineering using Databricks on AWS and Azure,2022-08-06 21:40:57,4.5,
Databricks Certified Associate Developer - Apache Spark 2022,2022-08-06 20:44:44,2.5,
"Data Engineering Essentials using SQL, Python, and PySpark",2022-08-06 19:37:30,5.0,
Data Engineering using Databricks on AWS and Azure,2022-08-06 16:30:38,5.0,
Build streaming applications using Apache Kafka and Scala,2022-08-06 15:05:34,5.0,kafka now a days using for streaming which important for us
Practical Guide to setup Hadoop and Spark Cluster using CDH,2022-08-06 15:04:49,5.0,it helps us to know practically to aware of hadoop
Spark SQL and PySpark 3 using Python 3 Hands-On with Labs,2022-08-06 15:02:29,4.5,I like the course content to upgrade my career
"Data Engineering Essentials using SQL, Python, and PySpark",2022-08-06 10:20:07,4.0,
Data Engineering using Databricks on AWS and Azure,2022-08-06 09:53:39,4.0,
Spark SQL and Spark 3 using Scala Hands-On with Labs,2022-08-06 05:56:30,4.0,very useful
"Data Engineering Essentials using SQL, Python, and PySpark",2022-08-05 23:26:59,4.5,
Databricks Certified Associate Developer - Apache Spark 2022,2022-08-05 18:44:51,4.0,
Databricks Certified Associate Developer - Apache Spark 2022,2022-08-05 18:27:15,4.0,
"Data Engineering Essentials using SQL, Python, and PySpark",2022-08-05 13:50:05,5.0,
Data Engineering using Databricks on AWS and Azure,2022-08-05 12:17:37,5.0,
"Data Engineering Essentials using SQL, Python, and PySpark",2022-08-05 11:33:44,4.0,
Data Engineering using AWS Data Analytics Services,2022-08-05 11:01:03,5.0,
Mastering AWS Elastic Map Reduce for Data Engineers,2022-08-05 08:09:01,4.0,
Mastering AWS Lambda Functions for Data Engineers,2022-08-04 20:47:05,5.0,
"Data Engineering Essentials using SQL, Python, and PySpark",2022-08-04 20:27:41,5.0,
"Data Engineering Essentials using SQL, Python, and PySpark",2022-08-04 20:03:24,3.5,The introductory was spoken very fast and some of it was hard to understand just based on little experience hearing people with such an accent.
"Data Engineering Essentials using SQL, Python, and PySpark",2022-08-04 15:59:56,5.0,
"Data Engineering Essentials using SQL, Python, and PySpark",2022-08-04 12:07:42,5.0,master
Data Engineering using AWS Data Analytics Services,2022-08-04 12:05:58,4.0,
Mastering AWS Elastic Map Reduce for Data Engineers,2022-08-04 11:51:18,5.0,
Databricks Certified Associate Developer - Apache Spark 2022,2022-08-04 10:08:50,5.0,"Thank you for putting together such a detailed course! 
Having a few years of Spark experience at work helped me but going through this course covered all certification objectives
I was able to score 90 % in the certification üòä"
Databricks Certified Associate Developer - Apache Spark 2022,2022-08-04 09:06:02,3.0,
Data Engineering using Databricks on AWS and Azure,2022-08-04 08:53:50,5.0,
Data Engineering using Databricks on AWS and Azure,2022-08-04 08:22:37,4.0,
Data Engineering using AWS Data Analytics Services,2022-08-04 08:21:05,5.0,
Data Engineering using Databricks on AWS and Azure,2022-08-04 08:11:03,5.0,
Data Engineering using Databricks on AWS and Azure,2022-08-04 07:22:13,4.0,
Mastering AWS Lambda Functions for Data Engineers,2022-08-04 07:09:32,5.0,
"Data Engineering Essentials using SQL, Python, and PySpark",2022-08-04 06:59:21,4.5,
Spark SQL and Spark 3 using Scala Hands-On with Labs,2022-08-04 06:37:24,1.0,hi
Data Engineering using AWS Data Analytics Services,2022-08-04 05:10:51,4.0,
"Data Engineering Essentials using SQL, Python, and PySpark",2022-08-04 04:48:44,4.5,
"Sqoop, Hive and Impala for Data Analysts (Formerly CCA 159)",2022-08-04 04:08:11,4.0,
"Data Engineering Essentials using SQL, Python, and PySpark",2022-08-04 03:45:02,5.0,Very essential for DEs
"Data Engineering Essentials using SQL, Python, and PySpark",2022-08-04 03:14:59,5.0,
Data Engineering using Databricks on AWS and Azure,2022-08-04 01:47:04,5.0,
Spark SQL and PySpark 3 using Python 3 Hands-On with Labs,2022-08-04 01:37:41,5.0,
"Data Engineering Essentials using SQL, Python, and PySpark",2022-08-03 23:34:35,5.0,
"Data Engineering Essentials using SQL, Python, and PySpark",2022-08-03 21:55:10,5.0,
Data Engineering using AWS Data Analytics Services,2022-08-03 21:25:52,4.0,
Databricks Certified Associate Developer - Apache Spark 2022,2022-08-03 18:35:31,5.0,Amazing ...in detail...thorough...great teaching skills
Databricks Certified Associate Developer - Apache Spark 2022,2022-08-03 14:33:59,2.0,
Linux Shell Commands for Absolute Beginners using Ubuntu 20x,2022-08-03 14:30:37,5.0,
Spark SQL and PySpark 3 using Python 3 Hands-On with Labs,2022-08-03 14:24:45,4.5,
Data Engineering using AWS Data Analytics Services,2022-08-03 13:19:15,3.5,
Spark SQL and Spark 3 using Scala Hands-On with Labs,2022-08-03 13:16:07,4.5,
Data Engineering using Databricks on AWS and Azure,2022-08-03 10:39:23,3.5,
Spark SQL and Spark 3 using Scala Hands-On with Labs,2022-08-03 10:14:26,5.0,Good learning
Spark SQL and PySpark 3 using Python 3 Hands-On with Labs,2022-08-03 08:19:58,5.0,
Scala and Spark 2 - Getting Started,2022-08-03 07:43:09,4.0,
Databricks Certified Associate Developer - Apache Spark 2022,2022-08-03 07:25:01,5.0,
"Data Engineering Essentials using SQL, Python, and PySpark",2022-08-03 07:03:42,4.5,
Databricks Certified Associate Developer - Apache Spark 2022,2022-08-03 06:16:23,5.0,nice course
"Data Engineering Essentials using SQL, Python, and PySpark",2022-08-03 06:09:52,4.0,
"Data Engineering Essentials using SQL, Python, and PySpark",2022-08-03 05:58:22,5.0,Good Course
"Data Engineering Essentials using SQL, Python, and PySpark",2022-08-03 05:42:53,5.0,
Databricks Certified Associate Developer - Apache Spark 2022,2022-08-03 04:41:45,3.0,"The instructor is moving too fast that I could not even take down my notes, also I believe the instructor should explain things in more elaborative manner beginners might not understand what is going on just like me! Also, one suggestion is to scroll down the screen to middle so that code typed is not at the bottom of the screen, it creates a better visibility. This is my opinion based on a couple sections, I might change the rating based on my experience overall!"
Data Engineering using Databricks on AWS and Azure,2022-08-03 00:43:07,5.0,
"Data Engineering Essentials using SQL, Python, and PySpark",2022-08-02 21:23:06,3.0,
Databricks Essentials for Spark Developers (Azure and AWS),2022-08-02 16:27:30,5.0,
Databricks Certified Associate Developer - Apache Spark 2022,2022-08-02 15:01:01,5.0,
Data Engineering using AWS Data Analytics Services,2022-08-02 14:54:55,5.0,
Databricks Certified Associate Developer - Apache Spark 2022,2022-08-02 10:17:23,4.0,
Databricks Essentials for Spark Developers (Azure and AWS),2022-08-02 10:05:27,4.0,
Spark SQL and PySpark 3 using Python 3 Hands-On with Labs,2022-08-02 09:53:53,5.0,labs are easily accessible and i can execute the sample code of course easily and interactively in itversity lab.
Getting Started with AWS Lambda Functions using Python,2022-08-02 09:51:03,5.0,
Data Engineering using AWS Data Analytics Services,2022-08-02 07:50:02,5.0,
"Data Engineering Essentials using SQL, Python, and PySpark",2022-08-02 07:08:38,5.0,
"Sqoop, Hive and Impala for Data Analysts (Formerly CCA 159)",2022-08-02 06:23:15,3.5,
"Data Engineering Essentials using SQL, Python, and PySpark",2022-08-02 06:12:40,5.0,It is a comprehensive course covering key topics. Teaching style is to the point and concepts are explained well.
"Data Engineering Essentials using SQL, Python, and PySpark",2022-08-02 00:26:14,1.0,Speaks too fast and very hard to understand
Databricks Certified Associate Developer - Apache Spark 2022,2022-08-01 19:49:07,5.0,
Databricks Certified Associate Developer - Apache Spark 2022,2022-08-01 19:37:47,5.0,
Spark SQL and PySpark 3 using Python 3 Hands-On with Labs,2022-08-01 19:05:54,4.0,
"Data Engineering Essentials using SQL, Python, and PySpark",2022-08-01 17:56:13,3.0,
Data Engineering using AWS Data Analytics Services,2022-08-01 11:24:03,5.0,
Data Engineering using AWS Data Analytics Services,2022-08-01 11:02:57,5.0,v. good
HDPCD:Spark using Scala,2022-08-01 10:34:13,4.5,
Data Engineering using Databricks on AWS and Azure,2022-08-01 09:43:52,5.0,
Data Engineering using Databricks on AWS and Azure,2022-08-01 08:39:50,4.5,
Spark SQL and PySpark 3 using Python 3 Hands-On with Labs,2022-08-01 08:23:58,5.0,
Data Engineering using Databricks on AWS and Azure,2022-08-01 07:40:32,4.5,
"Data Engineering Essentials using SQL, Python, and PySpark",2022-08-01 06:30:53,3.0,
"Data Engineering Essentials using SQL, Python, and PySpark",2022-08-01 06:07:58,5.0,
Databricks Certified Associate Developer - Apache Spark 2022,2022-08-01 06:02:41,1.0,dont see an option to ask question to the trainer? also he is speaking so fast as if he has to rush somewhere after the lecture.
"Data Engineering Essentials using SQL, Python, and PySpark",2022-08-01 04:35:48,5.0,
"Data Engineering Essentials using SQL, Python, and PySpark",2022-08-01 03:57:42,5.0,
"Data Engineering Essentials using SQL, Python, and PySpark",2022-08-01 00:27:12,4.0,
Databricks Certified Associate Developer - Apache Spark 2022,2022-07-31 22:10:14,5.0,
Databricks Certified Associate Developer - Apache Spark 2022,2022-07-31 21:54:09,5.0,
"Data Engineering Essentials using SQL, Python, and PySpark",2022-07-31 19:41:01,5.0,
Databricks Essentials for Spark Developers (Azure and AWS),2022-07-31 18:06:44,4.5,
Databricks Certified Associate Developer - Apache Spark 2022,2022-07-31 16:38:41,4.0,
"Data Engineering Essentials using SQL, Python, and PySpark",2022-07-31 15:38:52,4.5,
"Data Engineering Essentials using SQL, Python, and PySpark",2022-07-31 14:11:11,4.0,
"Data Engineering Essentials using SQL, Python, and PySpark",2022-07-31 13:56:12,3.0,
"Data Engineering Essentials using SQL, Python, and PySpark",2022-07-31 10:38:07,5.0,
Data Engineering using AWS Data Analytics Services,2022-07-31 09:56:07,4.0,
Data Engineering using AWS Data Analytics Services,2022-07-31 05:49:38,5.0,
"Data Engineering Essentials using SQL, Python, and PySpark",2022-07-31 03:08:01,5.0,
Spark SQL and Spark 3 using Scala Hands-On with Labs,2022-07-31 00:21:33,5.0,
Spark SQL and Spark 3 using Scala Hands-On with Labs,2022-07-30 20:12:06,5.0,
"Sqoop, Hive and Impala for Data Analysts (Formerly CCA 159)",2022-07-30 19:38:09,4.0,
"Data Engineering Essentials using SQL, Python, and PySpark",2022-07-30 17:42:49,5.0,Gave a good learning curve.
Data Engineering using AWS Data Analytics Services,2022-07-30 17:25:29,5.0,
Data Engineering using AWS Data Analytics Services,2022-07-30 16:59:43,5.0,
"Data Engineering Essentials using SQL, Python, and PySpark",2022-07-30 16:31:46,3.5,Yes
Databricks Certified Associate Developer - Apache Spark 2022,2022-07-30 14:19:59,2.5,
Data Engineering using AWS Data Analytics Services,2022-07-30 13:43:29,5.0,
Data Engineering using Databricks on AWS and Azure,2022-07-30 13:33:57,5.0,
Data Engineering using AWS Data Analytics Services,2022-07-30 13:24:19,4.0,
"Data Engineering Essentials using SQL, Python, and PySpark",2022-07-30 10:23:55,4.5,
"Data Engineering Essentials using SQL, Python, and PySpark",2022-07-30 08:02:01,5.0,
Databricks Certified Associate Developer - Apache Spark 2022,2022-07-30 07:38:46,5.0,
Databricks Certified Associate Developer - Apache Spark 2022,2022-07-30 06:41:13,5.0,
Data Engineering using AWS Data Analytics Services,2022-07-30 03:10:27,5.0,
Linux Fundamentals for IT Professionals,2022-07-29 23:04:57,1.0,trying to understand
Databricks Certified Associate Developer - Apache Spark 2022,2022-07-29 22:56:35,5.0,
"Data Engineering Essentials using SQL, Python, and PySpark",2022-07-29 18:32:46,1.0,
"Data Engineering Essentials using SQL, Python, and PySpark",2022-07-29 17:43:01,5.0,
Data Engineering using AWS Data Analytics Services,2022-07-29 17:08:16,5.0,
Data Engineering using AWS Data Analytics Services,2022-07-29 16:53:22,5.0,
Spark SQL and PySpark 3 using Python 3 Hands-On with Labs,2022-07-29 16:17:18,4.5,
"Data Engineering Essentials using SQL, Python, and PySpark",2022-07-29 14:59:12,4.0,
Data Engineering using AWS Data Analytics Services,2022-07-29 14:25:08,5.0,
Data Engineering using Databricks on AWS and Azure,2022-07-29 11:52:26,5.0,
Databricks Essentials for Spark Developers (Azure and AWS),2022-07-29 11:42:46,5.0,
Databricks Certified Associate Developer - Apache Spark 2022,2022-07-29 07:20:16,5.0,
Apache Sqoop for Data Ingestion into Hadoop HDFS,2022-07-29 06:06:27,5.0,
Data Engineering using AWS Data Analytics Services,2022-07-29 05:49:35,4.5,
Data Engineering using Databricks on AWS and Azure,2022-07-29 04:42:56,3.5,"It's good course for starter as it focuses on extensively on hands on. 
But it lacks in depth of concepts, it barely touches all topic, but no deep dive. 

It would be better, if there are following modules explaining
1.  cost model of databricks
2. what is DBFS ? How it works ?
3. Best practices around platform
4. how automatically deploy, monitor, debug a production application."
Data Engineering using AWS Data Analytics Services,2022-07-29 04:09:20,4.0,really good
Mastering AWS Lambda Functions for Data Engineers,2022-07-29 00:49:27,5.0,
Data Engineering using AWS Data Analytics Services,2022-07-28 21:40:36,2.5,
Databricks Essentials for Spark Developers (Azure and AWS),2022-07-28 20:03:59,3.5,
Data Engineering using Databricks on AWS and Azure,2022-07-28 20:01:29,5.0,
Data Engineering using AWS Data Analytics Services,2022-07-28 18:51:07,5.0,
Data Engineering using AWS Data Analytics Services,2022-07-28 18:10:32,5.0,
Data Engineering using AWS Data Analytics Services,2022-07-28 18:07:26,5.0,great course. Detailed and very helpful for beginners.
Data Engineering using AWS Data Analytics Services,2022-07-28 17:41:54,4.5,
Data Engineering using Databricks on AWS and Azure,2022-07-28 14:19:06,4.0,
Data Engineering using Databricks on AWS and Azure,2022-07-28 13:13:29,4.5,
"Data Engineering Essentials using SQL, Python, and PySpark",2022-07-28 12:30:57,5.0,
"Data Engineering Essentials using SQL, Python, and PySpark",2022-07-28 12:21:06,4.5,
Databricks Certified Associate Developer - Apache Spark 2022,2022-07-28 09:27:26,5.0,
Data Engineering using Databricks on AWS and Azure,2022-07-28 05:27:37,4.5,
"Data Engineering Essentials using SQL, Python, and PySpark",2022-07-28 04:27:54,5.0,
Linux Fundamentals for IT Professionals,2022-07-28 04:00:38,3.5,
Data Engineering using AWS Data Analytics Services,2022-07-28 03:03:49,5.0,
"Data Engineering Essentials using SQL, Python, and PySpark",2022-07-27 17:51:25,4.5,
Databricks Certified Associate Developer - Apache Spark 2022,2022-07-27 15:55:55,4.0,Because i need to learn about the databricks
"Data Engineering Essentials using SQL, Python, and PySpark",2022-07-27 13:51:45,5.0,
"Data Engineering Essentials using SQL, Python, and PySpark",2022-07-27 13:35:22,4.0,
Setup Development Environment for Python 3 and Pyspark 3,2022-07-27 13:13:11,5.0,
Data Engineering using AWS Data Analytics Services,2022-07-27 12:13:26,5.0,
"Data Engineering Essentials using SQL, Python, and PySpark",2022-07-27 11:49:59,5.0,"I would suggest this course to someone who is planning to enter a career as a data engineer, this course is excellent
And This course is very well structured with good contents.

Thank you Durga."
"Data Engineering Essentials using SQL, Python, and PySpark",2022-07-27 11:47:47,5.0,
Mastering AWS Lambda Functions for Data Engineers,2022-07-27 08:26:38,5.0,
Spark SQL and PySpark 3 using Python 3 Hands-On with Labs,2022-07-27 08:00:26,5.0,
Getting Started with AWS Lambda Functions using Python,2022-07-27 07:51:28,4.0,got good understanding
Data Engineering using AWS Data Analytics Services,2022-07-27 06:58:58,2.5,
Databricks Essentials for Spark Developers (Azure and AWS),2022-07-27 06:23:58,4.0,
Data Engineering using AWS Data Analytics Services,2022-07-27 05:11:29,4.0,
"Data Engineering Essentials using SQL, Python, and PySpark",2022-07-27 00:07:45,4.0,
Data Engineering using AWS Data Analytics Services,2022-07-26 21:05:29,4.5,"One of the most useful course that I have enrolled. Will definitely recommend this course for someone who has some knowledge in spark, python and SQL."
"Data Engineering Essentials using SQL, Python, and PySpark",2022-07-26 16:09:38,5.0,Good content
Databricks Essentials for Spark Developers (Azure and AWS),2022-07-26 15:25:44,4.5,
Databricks Essentials for Spark Developers (Azure and AWS),2022-07-26 13:09:17,4.5,
Databricks Essentials for Spark Developers (Azure and AWS),2022-07-26 13:01:16,5.0,
Databricks Essentials for Spark Developers (Azure and AWS),2022-07-26 08:46:42,4.0,
Databricks Certified Associate Developer - Apache Spark 2022,2022-07-26 08:10:43,2.5,
Mastering AWS Lambda Functions for Data Engineers,2022-07-26 05:13:38,5.0,
Databricks Certified Associate Developer - Apache Spark 2022,2022-07-26 03:23:09,3.5,Course was good but it was not covering majority of architecture concepts. Course was running too fast. Its better if you could slow down a bit on explanations otherwise its very hard to grab the information
"Data Engineering Essentials using SQL, Python, and PySpark",2022-07-26 00:11:41,4.0,
Setup Big Data Development Environment,2022-07-25 23:57:14,1.0,
Data Engineering using AWS Data Analytics Services,2022-07-25 22:05:55,4.5,
Databricks Certified Associate Developer - Apache Spark 2022,2022-07-25 22:04:36,3.0,
Databricks Certified Associate Developer - Apache Spark 2022,2022-07-25 19:49:05,5.0,
Databricks Essentials for Spark Developers (Azure and AWS),2022-07-25 19:25:09,4.5,
Mastering AWS Elastic Map Reduce for Data Engineers,2022-07-25 19:13:59,4.0,
Databricks Certified Associate Developer - Apache Spark 2022,2022-07-25 18:12:49,4.5,yes. this is very good course
Spark SQL and Spark 3 using Scala Hands-On with Labs,2022-07-25 18:09:42,5.0,
Spark SQL and Spark 3 using Scala Hands-On with Labs,2022-07-25 16:08:33,3.5,
Data Engineering using AWS Data Analytics Services,2022-07-25 16:01:15,5.0,
Spark SQL and Spark 3 using Scala Hands-On with Labs,2022-07-25 16:01:03,5.0,
Spark SQL and Spark 3 using Scala Hands-On with Labs,2022-07-25 13:25:23,3.5,
Databricks Certified Associate Developer - Apache Spark 2022,2022-07-25 12:12:02,5.0,
Data Engineering using Databricks on AWS and Azure,2022-07-25 12:00:22,5.0,Very detailed explaination
Spark SQL and Spark 3 using Scala Hands-On with Labs,2022-07-25 11:17:21,2.5,
Databricks Certified Associate Developer - Apache Spark 2022,2022-07-25 10:37:34,3.5,
Databricks Certified Associate Developer - Apache Spark 2022,2022-07-25 10:05:37,5.0,
Data Engineering using AWS Data Analytics Services,2022-07-25 09:59:08,5.0,
Data Engineering using AWS Data Analytics Services,2022-07-25 09:45:11,5.0,
Data Engineering using AWS Data Analytics Services,2022-07-25 09:17:33,4.5,
Databricks Essentials for Spark Developers (Azure and AWS),2022-07-25 09:02:41,3.5,
Databricks Certified Associate Developer - Apache Spark 2022,2022-07-25 08:42:28,5.0,
Spark SQL and Spark 3 using Scala Hands-On with Labs,2022-07-25 08:34:21,5.0,
Spark SQL and PySpark 3 using Python 3 Hands-On with Labs,2022-07-25 08:25:39,3.5,VERY GOOD EXPLANATION
"Data Engineering Essentials using SQL, Python, and PySpark",2022-07-25 06:41:05,5.0,
Data Engineering using Databricks on AWS and Azure,2022-07-24 21:50:27,5.0,
Data Engineering using AWS Data Analytics Services,2022-07-24 20:10:45,5.0,
Data Engineering using AWS Data Analytics Services,2022-07-24 18:59:21,5.0,
Spark SQL and PySpark 3 using Python 3 Hands-On with Labs,2022-07-24 14:52:54,3.0,
Databricks Certified Associate Developer - Apache Spark 2022,2022-07-24 12:51:23,4.0,
"Data Engineering Essentials using SQL, Python, and PySpark",2022-07-24 09:44:28,5.0,Absolutely good.  This content is aligned with multiple illustrations. This  Industry-Vetted Curriculum content was highly useful for a Data Engineer.
Data Engineering using Kafka and Spark Structured Streaming,2022-07-24 07:48:53,5.0,
Databricks Certified Associate Developer - Apache Spark 2022,2022-07-24 07:40:21,5.0,
"Data Engineering Essentials using SQL, Python, and PySpark",2022-07-24 07:13:07,4.5,
Spark SQL and Spark 3 using Scala Hands-On with Labs,2022-07-24 00:41:42,5.0,
Databricks Certified Associate Developer - Apache Spark 2022,2022-07-23 22:29:14,5.0,
Databricks Certified Associate Developer - Apache Spark 2022,2022-07-23 16:57:59,5.0,
"Data Engineering Essentials using SQL, Python, and PySpark",2022-07-23 16:40:53,5.0,
Data Engineering using AWS Data Analytics Services,2022-07-23 15:54:59,5.0,
Data Engineering using Databricks on AWS and Azure,2022-07-23 14:49:20,5.0,
Mastering SQL using Postgresql,2022-07-23 13:25:02,4.0,
Spark SQL and PySpark 3 using Python 3 Hands-On with Labs,2022-07-23 12:31:30,5.0,
"Data Engineering Essentials using SQL, Python, and PySpark",2022-07-23 11:24:45,5.0,
Data Engineering using AWS Data Analytics Services,2022-07-23 08:54:13,5.0,
Data Engineering using AWS Data Analytics Services,2022-07-23 03:08:39,5.0,Awesome.
Databricks Essentials for Spark Developers (Azure and AWS),2022-07-22 22:57:04,3.5,
"Data Engineering Essentials using SQL, Python, and PySpark",2022-07-22 17:27:03,5.0,
Spark SQL and Spark 3 using Scala Hands-On with Labs,2022-07-22 15:37:44,4.0,
Spark SQL and PySpark 3 using Python 3 Hands-On with Labs,2022-07-22 09:30:20,3.5,
Databricks Certified Associate Developer - Apache Spark 2022,2022-07-22 08:59:34,5.0,
Databricks Certified Associate Developer - Apache Spark 2022,2022-07-22 07:32:06,5.0,
Databricks Certified Associate Developer - Apache Spark 2022,2022-07-22 07:14:40,3.5,
"Data Engineering Essentials using SQL, Python, and PySpark",2022-07-22 06:57:47,4.0,
Databricks Certified Associate Developer - Apache Spark 2022,2022-07-22 06:36:07,4.0,
Data Engineering using AWS Data Analytics Services,2022-07-22 05:47:25,1.0,Instructions for installation of local environment in Windows not at all clear. I have tries and could not move beyond Lamdba chapter. I have already wasted a lot of time on this course. Going to find some other course.
Data Engineering using Databricks on AWS and Azure,2022-07-22 05:36:16,5.0,
Databricks Certified Associate Developer - Apache Spark 2022,2022-07-22 04:09:05,5.0,
Data Engineering using AWS Data Analytics Services,2022-07-22 02:58:59,4.5,
"Data Engineering Essentials using SQL, Python, and PySpark",2022-07-22 02:26:11,5.0,
Data Engineering using AWS Data Analytics Services,2022-07-22 01:40:47,5.0,
"Data Engineering Essentials using SQL, Python, and PySpark",2022-07-21 20:25:43,5.0,"This is one of the best course in udemy , go ahead and take no questions asked !!"
Data Engineering using Databricks on AWS and Azure,2022-07-21 20:22:22,5.0,"This is one of the best course in udemy , go ahead and take no questions asked !!"
Databricks Essentials for Spark Developers (Azure and AWS),2022-07-21 17:42:17,4.5,
Spark SQL and PySpark 3 using Python 3 Hands-On with Labs,2022-07-21 16:50:20,5.0,
Spark SQL and PySpark 3 using Python 3 Hands-On with Labs,2022-07-21 16:40:32,5.0,
Data Engineering using AWS Data Analytics Services,2022-07-21 15:17:49,5.0,
"Data Engineering Essentials using SQL, Python, and PySpark",2022-07-21 13:44:24,5.0,
Spark SQL and PySpark 3 using Python 3 Hands-On with Labs,2022-07-21 12:12:44,3.5,
"Data Engineering Essentials using SQL, Python, and PySpark",2022-07-21 11:48:03,5.0,
"Data Engineering Essentials using SQL, Python, and PySpark",2022-07-21 11:22:43,5.0,good
"Data Engineering Essentials using SQL, Python, and PySpark",2022-07-21 10:40:54,5.0,
Databricks Certified Associate Developer - Apache Spark 2022,2022-07-21 08:55:24,5.0,
Mastering SQL using Postgresql,2022-07-21 08:23:57,5.0,
Data Engineering using AWS Data Analytics Services,2022-07-21 07:28:33,5.0,
"Data Engineering Essentials using SQL, Python, and PySpark",2022-07-21 06:59:00,5.0,"the tutor, is really amazing. He has in depth  knowledge about the topics which he is trying to explain to us and the way he is explaining with examples, makes the concept more crystal clear."
Databricks Certified Associate Developer - Apache Spark 2022,2022-07-21 06:47:13,5.0,
Databricks Certified Associate Developer - Apache Spark 2022,2022-07-21 05:41:06,4.5,good content.
"Data Engineering Essentials using SQL, Python, and PySpark",2022-07-20 19:09:40,5.0,
"Data Engineering Essentials using SQL, Python, and PySpark",2022-07-20 18:12:52,5.0,
"Data Engineering Essentials using SQL, Python, and PySpark",2022-07-20 17:48:36,5.0,
Spark SQL and PySpark 3 using Python 3 Hands-On with Labs,2022-07-20 16:50:35,4.0,
Data Engineering using Databricks on AWS and Azure,2022-07-20 15:34:31,5.0,
Data Engineering using AWS Data Analytics Services,2022-07-20 11:49:33,4.5,
Spark SQL and PySpark 3 using Python 3 Hands-On with Labs,2022-07-20 11:30:00,4.5,
Databricks Certified Associate Developer - Apache Spark 2022,2022-07-20 10:18:12,3.0,
"Sqoop, Hive and Impala for Data Analysts (Formerly CCA 159)",2022-07-20 09:26:03,3.5,
Spark SQL and PySpark 3 using Python 3 Hands-On with Labs,2022-07-20 07:13:16,4.0,
Databricks Essentials for Spark Developers (Azure and AWS),2022-07-20 06:13:16,4.0,
"Data Engineering Essentials using SQL, Python, and PySpark",2022-07-20 03:24:51,5.0,
Spark SQL and PySpark 3 using Python 3 Hands-On with Labs,2022-07-20 02:19:22,3.0,
"Data Engineering Essentials using SQL, Python, and PySpark",2022-07-19 22:17:54,5.0,
"Data Engineering Essentials using SQL, Python, and PySpark",2022-07-19 20:31:15,4.5,
"Data Engineering Essentials using SQL, Python, and PySpark",2022-07-19 20:12:44,1.5,Sir you are going too fast and also not explaining usage of command. Also you not mentioning if you have kept all commands handy any where...
Databricks Certified Associate Developer - Apache Spark 2022,2022-07-19 19:40:03,5.0,
"Data Engineering Essentials using SQL, Python, and PySpark",2022-07-19 15:09:32,2.0,Accent hard to follow.
Databricks Certified Associate Developer - Apache Spark 2022,2022-07-19 14:26:24,5.0,
"Data Engineering Essentials using SQL, Python, and PySpark",2022-07-19 12:20:27,5.0,
Data Engineering using AWS Data Analytics Services,2022-07-19 11:52:47,5.0,
Spark SQL and PySpark 3 using Python 3 Hands-On with Labs,2022-07-19 11:41:06,4.0,
Mastering AWS Lambda Functions for Data Engineers,2022-07-19 10:42:59,5.0,This course has been properly structured and explained step by step. Thanks to the instructor
Getting Started with AWS Lambda Functions using Python,2022-07-19 09:22:37,5.0,
Data Engineering using AWS Data Analytics Services,2022-07-19 08:04:05,4.0,
Data Engineering using AWS Data Analytics Services,2022-07-19 05:02:34,5.0,"very well explained, clear my concepts"
Data Engineering using Databricks on AWS and Azure,2022-07-19 02:40:00,5.0,
Databricks Certified Associate Developer - Apache Spark 2022,2022-07-19 00:44:00,5.0,Great prep materials!
"Data Engineering Essentials using SQL, Python, and PySpark",2022-07-19 00:18:58,5.0,
Databricks Certified Associate Developer - Apache Spark 2022,2022-07-18 17:33:00,5.0,
"Data Engineering Essentials using SQL, Python, and PySpark",2022-07-18 15:13:04,5.0,
"Data Engineering Essentials using SQL, Python, and PySpark",2022-07-18 14:30:11,5.0,
Spark SQL and PySpark 3 using Python 3 Hands-On with Labs,2022-07-18 14:20:56,3.0,"Speech is too fast and hard to understand.
I would prefer if there was a section at the beginning of the course that talks about the theory of distributed computing, rather than diving straight into hdfs/spark."
"Data Engineering Essentials using SQL, Python, and PySpark",2022-07-18 13:07:36,4.0,
"Data Engineering Essentials using SQL, Python, and PySpark",2022-07-18 11:06:55,5.0,"Excellent course , This course is must for absolute beginner as well as experienced professional."
Apache Sqoop for Data Ingestion into Hadoop HDFS,2022-07-18 10:43:21,1.5,Instructor has a very high rate of speech and is a little loud.
Databricks Certified Associate Developer - Apache Spark 2022,2022-07-18 08:28:05,4.0,
"Sqoop, Hive and Impala for Data Analysts (Formerly CCA 159)",2022-07-18 07:38:19,4.5,
Spark SQL and PySpark 3 using Python 3 Hands-On with Labs,2022-07-18 07:35:55,5.0,
"Data Engineering Essentials using SQL, Python, and PySpark",2022-07-18 07:13:29,5.0,seems good
Data Engineering using AWS Data Analytics Services,2022-07-18 07:10:25,5.0,
Databricks Essentials for Spark Developers (Azure and AWS),2022-07-18 07:01:03,4.0,
Databricks Certified Associate Developer - Apache Spark 2022,2022-07-18 05:17:26,4.5,
"Data Engineering Essentials using SQL, Python, and PySpark",2022-07-18 04:49:05,5.0,
Getting Started with AWS Lambda Functions using Python,2022-07-18 00:57:32,5.0,
DevOps Series - Server Automation using Ansible,2022-07-17 22:24:18,4.0,
"Data Engineering Essentials using SQL, Python, and PySpark",2022-07-17 21:00:22,4.5,
Databricks Certified Associate Developer - Apache Spark 2022,2022-07-17 19:07:07,4.5,
Databricks Essentials for Spark Developers (Azure and AWS),2022-07-17 17:54:50,4.0,good course
Spark SQL and Spark 3 using Scala Hands-On with Labs,2022-07-17 17:38:14,5.0,
Data Engineering using AWS Data Analytics Services,2022-07-17 17:21:43,5.0,"Hands-on learning, you cant get it from any trainer"
"Data Engineering Essentials using SQL, Python, and PySpark",2022-07-17 17:21:15,5.0,
Linux Fundamentals for IT Professionals,2022-07-17 14:59:11,5.0,
Databricks Certified Associate Developer - Apache Spark 2022,2022-07-17 13:45:00,5.0,
Getting Started with AWS Lambda Functions using Python,2022-07-17 13:32:14,5.0,Easy to understand
Data Engineering using Databricks on AWS and Azure,2022-07-17 03:18:47,5.0,
Databricks Essentials for Spark Developers (Azure and AWS),2022-07-17 02:39:59,3.5,
Mastering AWS Lambda Functions for Data Engineers,2022-07-16 23:48:47,5.0,
Data Engineering using Databricks on AWS and Azure,2022-07-16 16:56:02,5.0,
Data Engineering using AWS Data Analytics Services,2022-07-16 16:25:27,4.5,
Data Engineering using AWS Data Analytics Services,2022-07-16 16:11:27,5.0,
Data Engineering using AWS Data Analytics Services,2022-07-16 13:35:46,4.5,
Data Engineering using Databricks on AWS and Azure,2022-07-16 06:19:24,3.0,
"Data Engineering Essentials using SQL, Python, and PySpark",2022-07-16 05:22:19,4.0,
Spark SQL and PySpark 3 using Python 3 Hands-On with Labs,2022-07-15 20:06:51,5.0,
Data Engineering using AWS Data Analytics Services,2022-07-15 19:46:40,5.0,
"Data Engineering Essentials using SQL, Python, and PySpark",2022-07-15 18:20:54,3.0,
Databricks Certified Associate Developer - Apache Spark 2022,2022-07-15 18:00:15,4.5,
Data Engineering using AWS Data Analytics Services,2022-07-15 15:22:03,3.5,
Data Engineering using AWS Data Analytics Services,2022-07-15 14:30:42,4.5,
Data Engineering using Databricks on AWS and Azure,2022-07-15 14:21:59,3.5,"course should be more interactive by using some examples and images .. 
pronunciation should be more clear and little slow..."
Apache Sqoop for Data Ingestion into Hadoop HDFS,2022-07-15 10:44:03,5.0,
Databricks Essentials for Spark Developers (Azure and AWS),2022-07-15 08:28:42,5.0,
Getting Started with AWS Lambda Functions using Python,2022-07-15 08:26:39,4.5,
Data Engineering using Databricks on AWS and Azure,2022-07-15 08:00:58,4.0,
Data Engineering using Databricks on AWS and Azure,2022-07-15 03:21:58,5.0,
Practical Guide to setup Hadoop and Spark Cluster using CDH,2022-07-14 23:58:43,5.0,
Data Engineering using Databricks on AWS and Azure,2022-07-14 22:42:58,3.5,
Linux Shell Commands for Absolute Beginners using Ubuntu 20x,2022-07-14 19:47:24,5.0,
"Data Engineering Essentials using SQL, Python, and PySpark",2022-07-14 18:27:03,5.0,
Linux Shell Commands for Absolute Beginners using Ubuntu 20x,2022-07-14 18:12:46,4.5,
Databricks Essentials for Spark Developers (Azure and AWS),2022-07-14 14:50:59,5.0,
"Data Engineering Essentials using SQL, Python, and PySpark",2022-07-14 14:39:44,2.0,talking tooooooo fast
"Data Engineering Essentials using SQL, Python, and PySpark",2022-07-14 14:33:30,5.0,
Data Engineering using AWS Data Analytics Services,2022-07-14 13:16:43,3.5,
Databricks Essentials for Spark Developers (Azure and AWS),2022-07-14 13:01:06,5.0,
Databricks Essentials for Spark Developers (Azure and AWS),2022-07-14 12:50:39,4.5,
Data Engineering using Databricks on AWS and Azure,2022-07-14 12:21:15,5.0,
Data Engineering using AWS Data Analytics Services,2022-07-14 06:52:12,5.0,
Databricks Essentials for Spark Developers (Azure and AWS),2022-07-14 06:11:33,5.0,Good
Data Engineering using AWS Data Analytics Services,2022-07-14 06:09:32,2.0,
Data Engineering using Databricks on AWS and Azure,2022-07-14 06:06:44,3.5,
Databricks Certified Associate Developer - Apache Spark 2022,2022-07-14 05:55:14,5.0,
Databricks Certified Associate Developer - Apache Spark 2022,2022-07-14 05:50:27,5.0,
Scala and Spark 2 - Getting Started,2022-07-14 01:15:43,3.5,
Mastering AWS Elastic Map Reduce for Data Engineers,2022-07-13 22:08:31,5.0,
"Data Engineering Essentials using SQL, Python, and PySpark",2022-07-13 19:53:41,5.0,
Data Engineering using AWS Data Analytics Services,2022-07-13 19:10:12,5.0,Really liked the work of the instructor in giving an overview and how all the different technologies interacted with eachother.
Databricks Certified Associate Developer - Apache Spark 2022,2022-07-13 15:01:14,4.5,
Getting Started with AWS Lambda Functions using Python,2022-07-13 13:47:44,5.0,
Data Engineering using Databricks on AWS and Azure,2022-07-13 12:31:44,3.5,"Great content, but you are going a little bit too fast."
Data Engineering using Databricks on AWS and Azure,2022-07-13 09:39:13,5.0,
Spark SQL and PySpark 3 using Python 3 Hands-On with Labs,2022-07-13 07:42:02,5.0,
Databricks Essentials for Spark Developers (Azure and AWS),2022-07-13 07:33:02,4.5,
"Data Engineering Essentials using SQL, Python, and PySpark",2022-07-13 07:08:27,1.0,
Data Engineering using AWS Data Analytics Services,2022-07-13 06:52:57,4.0,
Databricks Certified Associate Developer - Apache Spark 2022,2022-07-12 19:58:03,4.5,
"Data Engineering Essentials using SQL, Python, and PySpark",2022-07-12 16:27:57,4.0,
"Data Engineering Essentials using SQL, Python, and PySpark",2022-07-12 15:45:16,5.0,"This course is fantastic, its insanely detailed and Durga has always responded to messages quickly as well as holding sessions to help with technical issues.
I am a beginner to Data Engineering and this course has been perfect at building my confidence before starting a new job in Data Engineering.

Thank you Durga!"
Getting Started with AWS Lambda Functions using Python,2022-07-12 15:08:18,4.0,
Databricks Certified Associate Developer - Apache Spark 2022,2022-07-12 14:40:52,5.0,
Spark SQL and Spark 3 using Scala Hands-On with Labs,2022-07-12 14:40:19,5.0,Good
Databricks Certified Associate Developer - Apache Spark 2022,2022-07-12 13:00:29,4.5,
Databricks Certified Associate Developer - Apache Spark 2022,2022-07-12 12:41:18,5.0,
"Data Engineering Essentials using SQL, Python, and PySpark",2022-07-12 12:41:15,5.0,
"Data Engineering Essentials using SQL, Python, and PySpark",2022-07-12 12:22:42,5.0,
"Data Engineering Essentials using SQL, Python, and PySpark",2022-07-12 11:13:16,2.0,–ê–Ω–≥–ª–∏–π—Å–∫–∏–π –Ω–µ –ø–æ–Ω—è—Ç–µ–Ω
Databricks Essentials for Spark Developers (Azure and AWS),2022-07-12 11:07:25,4.0,
Linux Shell Commands for Absolute Beginners using Ubuntu 20x,2022-07-12 09:40:12,3.0,"yes  , but the  speaker  is  quite  fast"
Data Engineering using Databricks on AWS and Azure,2022-07-12 09:23:34,5.0,
Data Engineering using Databricks on AWS and Azure,2022-07-12 09:01:50,4.0,
"Data Engineering Essentials using SQL, Python, and PySpark",2022-07-12 08:15:01,4.0,
Mastering AWS Elastic Map Reduce for Data Engineers,2022-07-12 07:05:45,5.0,course contents are very good
Spark SQL and PySpark 3 using Python 3 Hands-On with Labs,2022-07-12 04:56:26,5.0,
"Data Engineering Essentials using SQL, Python, and PySpark",2022-07-12 01:14:23,5.0,
Data Engineering using AWS Data Analytics Services,2022-07-12 01:04:02,4.5,
Linux Shell Commands for Absolute Beginners using Ubuntu 20x,2022-07-11 20:01:45,5.0,
"Data Engineering Essentials using SQL, Python, and PySpark",2022-07-11 15:15:54,5.0,
Spark SQL and PySpark 3 using Python 3 Hands-On with Labs,2022-07-11 13:58:40,1.0,
Data Engineering using AWS Data Analytics Services,2022-07-11 13:45:10,5.0,nicely explained each of things
Data Engineering using AWS Data Analytics Services,2022-07-11 12:15:08,5.0,
Databricks Certified Associate Developer - Apache Spark 2022,2022-07-11 10:30:22,5.0,
Spark SQL and PySpark 3 using Python 3 Hands-On with Labs,2022-07-11 08:43:31,4.5,
"Data Engineering Essentials using SQL, Python, and PySpark",2022-07-11 07:59:48,4.5,
Data Engineering using AWS Data Analytics Services,2022-07-11 07:23:23,4.5,
Mastering AWS Lambda Functions for Data Engineers,2022-07-11 06:36:37,5.0,
Spark SQL and PySpark 3 using Python 3 Hands-On with Labs,2022-07-11 04:55:27,5.0,
Scala and Spark 2 - Getting Started,2022-07-11 01:08:08,5.0,
Databricks Certified Associate Developer - Apache Spark 2022,2022-07-10 17:29:24,5.0,
"Data Engineering Essentials using SQL, Python, and PySpark",2022-07-10 16:29:25,4.5,
Spark SQL and Spark 3 using Scala Hands-On with Labs,2022-07-10 15:00:48,4.0,
Data Engineering using Databricks on AWS and Azure,2022-07-10 13:30:34,5.0,
Databricks Certified Associate Developer - Apache Spark 2022,2022-07-10 13:02:59,5.0,
"Data Engineering Essentials using SQL, Python, and PySpark",2022-07-10 12:21:07,1.0,
Databricks Certified Associate Developer - Apache Spark 2022,2022-07-10 11:03:29,4.5,
Databricks Certified Associate Developer - Apache Spark 2022,2022-07-10 05:30:51,4.0,
Linux Shell Commands for Absolute Beginners using Ubuntu 20x,2022-07-10 02:27:51,5.0,
"Data Engineering Essentials using SQL, Python, and PySpark",2022-07-09 23:20:55,1.0,
Spark SQL and PySpark 3 using Python 3 Hands-On with Labs,2022-07-09 17:03:49,5.0,
"Data Engineering Essentials using SQL, Python, and PySpark",2022-07-09 16:37:14,4.0,
Spark SQL and PySpark 3 using Python 3 Hands-On with Labs,2022-07-09 12:14:09,5.0,
Spark SQL and Spark 3 using Scala Hands-On with Labs,2022-07-09 10:17:14,5.0,
"Data Engineering Essentials using SQL, Python, and PySpark",2022-07-09 06:32:49,5.0,
"Data Engineering Essentials using SQL, Python, and PySpark",2022-07-09 06:25:00,4.0,
Databricks Essentials for Spark Developers (Azure and AWS),2022-07-09 01:03:23,5.0,
Databricks Essentials for Spark Developers (Azure and AWS),2022-07-09 01:02:05,4.5,
Getting Started with AWS Lambda Functions using Python,2022-07-08 22:40:07,5.0,
Spark SQL and Spark 3 using Scala Hands-On with Labs,2022-07-08 18:48:13,5.0,
Databricks Certified Associate Developer - Apache Spark 2022,2022-07-08 18:20:29,5.0,
"Data Engineering Essentials using SQL, Python, and PySpark",2022-07-08 16:40:30,4.5,
Databricks Certified Associate Developer - Apache Spark 2022,2022-07-08 12:36:39,3.5,"Knowledgeable Course, with clear idea on how to go about the Certification Exam."
"Data Engineering Essentials using SQL, Python, and PySpark",2022-07-08 11:50:17,4.5,
"Data Engineering Essentials using SQL, Python, and PySpark",2022-07-08 10:34:22,1.0,"He is not teaching. he s reading most of the time.
Reading speed is like jet. Don't like this course and not recommending to anyone. Thank you"
Data Engineering using Databricks on AWS and Azure,2022-07-08 09:55:23,4.5,
Mastering AWS Lambda Functions for Data Engineers,2022-07-08 08:41:03,5.0,
Databricks Certified Associate Developer - Apache Spark 2022,2022-07-08 08:28:33,5.0,"The author provides a quite a  detailed explanation in hands on sessions 

The course provides opportunity to learner to code simultaneously"
Databricks Certified Associate Developer - Apache Spark 2022,2022-07-08 07:25:33,3.5,
Data Engineering using Databricks on AWS and Azure,2022-07-08 05:33:51,4.0,
Data Engineering using Databricks on AWS and Azure,2022-07-08 05:11:33,4.0,
"Data Engineering Essentials using SQL, Python, and PySpark",2022-07-08 04:23:59,5.0,
Spark SQL and Spark 3 using Scala Hands-On with Labs,2022-07-08 04:02:05,4.0,
Data Engineering using Databricks on AWS and Azure,2022-07-08 02:58:02,4.0,
"Data Engineering Essentials using SQL, Python, and PySpark",2022-07-08 02:23:55,5.0,
Data Engineering using Databricks on AWS and Azure,2022-07-07 21:51:22,5.0,
Data Engineering using AWS Data Analytics Services,2022-07-07 19:37:02,4.5,
Data Engineering using AWS Data Analytics Services,2022-07-07 18:09:55,5.0,
Data Engineering using Databricks on AWS and Azure,2022-07-07 16:25:01,5.0,
"Data Engineering Essentials using SQL, Python, and PySpark",2022-07-07 15:32:54,5.0,
Databricks Essentials for Spark Developers (Azure and AWS),2022-07-07 13:54:36,5.0,
Data Engineering using AWS Data Analytics Services,2022-07-07 13:54:10,5.0,
Databricks Certified Associate Developer - Apache Spark 2022,2022-07-07 12:33:40,4.0,
Databricks Certified Associate Developer - Apache Spark 2022,2022-07-07 11:16:49,4.5,
"Sqoop, Hive and Impala for Data Analysts (Formerly CCA 159)",2022-07-07 10:52:50,4.0,
Data Engineering using AWS Data Analytics Services,2022-07-07 10:10:41,5.0,
"Data Engineering Essentials using SQL, Python, and PySpark",2022-07-07 09:57:17,2.5,Ich habe bereits viel Zeit mit Meta-Informationen verbracht.... ohne etwas zu tun.
"Data Engineering Essentials using SQL, Python, and PySpark",2022-07-07 08:25:30,4.5,"I would suggest this course to someone  who is planning to enter a career as a data engineer, this course is excellent. 
Concepts have been clearly explained by the instructor. There is a lot to learn, which may be difficult for beginners. 
I thought it was brilliant that the instructor kept repeating the concepts since it will help us remember it for a longer time.
Overall, nevertheless, the instructor did his best to cover all crucial points."
Databricks Certified Associate Developer - Apache Spark 2022,2022-07-07 06:31:29,4.5,
Data Engineering using AWS Data Analytics Services,2022-07-07 04:44:49,5.0,
Databricks Certified Associate Developer - Apache Spark 2022,2022-07-07 03:20:43,5.0,
Getting Started with AWS Lambda Functions using Python,2022-07-06 21:01:52,4.5,
"Data Engineering Essentials using SQL, Python, and PySpark",2022-07-06 20:39:52,4.5,
Spark SQL and PySpark 3 using Python 3 Hands-On with Labs,2022-07-06 18:35:10,4.5,The explanations are clear. For now it' s a great course.
"Data Engineering Essentials using SQL, Python, and PySpark",2022-07-06 15:28:13,3.0,
"Data Engineering Essentials using SQL, Python, and PySpark",2022-07-06 14:48:38,5.0,
"Data Engineering Essentials using SQL, Python, and PySpark",2022-07-06 13:13:46,5.0,
Data Engineering using AWS Data Analytics Services,2022-07-06 12:13:49,4.5,
Getting Started with AWS Lambda Functions using Python,2022-07-06 12:13:13,3.5,
Databricks Certified Associate Developer - Apache Spark 2022,2022-07-06 10:27:48,4.5,
Spark SQL and Spark 3 using Scala Hands-On with Labs,2022-07-06 09:30:08,4.5,
"Data Engineering Essentials using SQL, Python, and PySpark",2022-07-06 08:27:46,5.0,"I am not a developer but started this course with the intention to end up with python knowledge if I cannot understand the DE topics.  But as it goes, I felt more interested and wanted to complete it. Now I completed it without issues and now in revision phase and practicing more. Thank you sir, for making it possible for me."
Getting Started with AWS Lambda Functions using Python,2022-07-06 08:17:40,3.5,
Databricks Certified Associate Developer - Apache Spark 2022,2022-07-06 06:47:52,5.0,
Databricks Certified Associate Developer - Apache Spark 2022,2022-07-06 05:03:52,5.0,
Databricks Certified Associate Developer - Apache Spark 2022,2022-07-06 04:36:47,1.0,
Getting Started with AWS Lambda Functions using Python,2022-07-06 04:17:51,5.0,
"Data Engineering Essentials using SQL, Python, and PySpark",2022-07-06 04:08:17,2.5,
Databricks Certified Associate Developer - Apache Spark 2022,2022-07-06 02:55:18,4.5,
Data Engineering using Databricks on AWS and Azure,2022-07-06 02:41:11,4.5,
Mastering AWS Lambda Functions for Data Engineers,2022-07-06 01:26:37,5.0,
Databricks Essentials for Spark Developers (Azure and AWS),2022-07-05 19:24:50,3.5,"Content was repetitive, but the sections on pools and in-IDE development were useful to me."
Spark SQL and Spark 3 using Scala Hands-On with Labs,2022-07-05 17:34:39,4.0,
"Data Engineering Essentials using SQL, Python, and PySpark",2022-07-05 17:23:09,5.0,
Getting Started with AWS Lambda Functions using Python,2022-07-05 16:50:17,5.0,
Databricks Certified Associate Developer - Apache Spark 2022,2022-07-05 16:21:39,5.0,
"Data Engineering Essentials using SQL, Python, and PySpark",2022-07-05 16:05:29,5.0,"I just started this course and so far the delivery has been exceptional and  the instructor responds quickly to questions asked. Overall, I will rate the course 5 stars"
Data Engineering using Databricks on AWS and Azure,2022-07-05 14:38:45,5.0,
Data Engineering using Databricks on AWS and Azure,2022-07-05 13:23:44,4.0,
Getting Started with AWS Lambda Functions using Python,2022-07-05 13:17:46,4.5,
Spark SQL and Spark 3 using Scala Hands-On with Labs,2022-07-05 12:34:52,4.0,
Data Engineering using AWS Data Analytics Services,2022-07-05 12:11:54,4.0,
Databricks Certified Associate Developer - Apache Spark 2022,2022-07-05 10:51:36,5.0,Really loved the insightful and details oriented teaching here EXCELLENT!!
Data Engineering using AWS Data Analytics Services,2022-07-05 07:34:48,5.0,
Data Engineering using Databricks on AWS and Azure,2022-07-05 04:57:31,5.0,
"Data Engineering Essentials using SQL, Python, and PySpark",2022-07-05 04:33:29,4.5,
Mastering AWS Lambda Functions for Data Engineers,2022-07-05 01:36:44,4.5,great content
"Data Engineering Essentials using SQL, Python, and PySpark",2022-07-04 16:56:06,5.0,
Scala and Spark 2 - Getting Started,2022-07-04 15:44:07,4.5,
Databricks Certified Associate Developer - Apache Spark 2022,2022-07-04 15:31:40,4.0,
Data Engineering using Databricks on AWS and Azure,2022-07-04 14:26:05,5.0,
Databricks Certified Associate Developer - Apache Spark 2022,2022-07-04 11:43:31,5.0,
Getting Started with AWS Lambda Functions using Python,2022-07-04 07:12:15,4.0,
"Data Engineering Essentials using SQL, Python, and PySpark",2022-07-04 04:22:51,5.0,
Databricks Certified Associate Developer - Apache Spark 2022,2022-07-04 03:45:53,4.0,
Databricks Certified Associate Developer - Apache Spark 2022,2022-07-04 02:55:19,5.0,
Data Engineering using AWS Data Analytics Services,2022-07-03 21:15:25,4.0,
"Data Engineering Essentials using SQL, Python, and PySpark",2022-07-03 20:48:07,5.0,
Data Engineering using AWS Data Analytics Services,2022-07-03 20:02:17,5.0,
Databricks Certified Associate Developer - Apache Spark 2022,2022-07-03 19:23:46,4.5,
Scala and Spark 2 - Getting Started,2022-07-03 16:44:30,4.0,
Data Engineering using Databricks on AWS and Azure,2022-07-03 15:27:08,5.0,
Data Engineering using Kafka and Spark Structured Streaming,2022-07-03 13:52:31,5.0,
Spark SQL and PySpark 3 using Python 3 Hands-On with Labs,2022-07-03 13:41:49,4.5,Excellent training explaining each topic clearly.
"Data Engineering Essentials using SQL, Python, and PySpark",2022-07-03 07:02:33,5.0,
"Data Engineering Essentials using SQL, Python, and PySpark",2022-07-03 06:09:51,5.0,
Databricks Certified Associate Developer - Apache Spark 2022,2022-07-03 04:47:10,5.0,
Data Engineering using AWS Data Analytics Services,2022-07-03 03:50:06,5.0,
Databricks Certified Associate Developer - Apache Spark 2022,2022-07-02 18:49:14,5.0,
Data Engineering using AWS Data Analytics Services,2022-07-02 18:05:56,5.0,
Getting Started with AWS Lambda Functions using Python,2022-07-02 17:33:23,4.0,
"Data Engineering Essentials using SQL, Python, and PySpark",2022-07-02 16:47:10,5.0,
Mastering AWS Lambda Functions for Data Engineers,2022-07-02 15:30:20,5.0,
"Data Engineering Essentials using SQL, Python, and PySpark",2022-07-02 15:11:36,5.0,
Data Engineering using Databricks on AWS and Azure,2022-07-02 12:34:57,5.0,
Data Engineering using AWS Data Analytics Services,2022-07-02 12:16:39,1.5,Trainer explanation is fast.
Data Engineering using AWS Data Analytics Services,2022-07-02 09:09:54,5.0,
Databricks Certified Associate Developer - Apache Spark 2022,2022-07-02 07:56:36,3.0,"Lots of redundant statements. 1. The same statement is being repeated using a different phrase in every video which is unnecessarily extending the time in every topic. 2. When this happens you feel there is going to be some in depth content the author is going to provide, rather it‚Äôs the same thing just in a different phrase. Just like the two sentences here. This was a little annoying. Apart from that the course coverage is really good."
Databricks Certified Associate Developer - Apache Spark 2022,2022-07-02 05:46:55,4.0,
"Data Engineering Essentials using SQL, Python, and PySpark",2022-07-02 04:09:09,3.5,
Data Engineering using AWS Data Analytics Services,2022-07-02 01:19:27,5.0,
"Data Engineering Essentials using SQL, Python, and PySpark",2022-07-01 23:25:08,5.0,
"Data Engineering Essentials using SQL, Python, and PySpark",2022-07-01 21:44:42,1.0,Extremely confusing setups (for AWS). Too fast when typing commands that are essential for setups. Too slow when talking about unimportant stuff. Very hard to understand accent and speaking too fast. Now jumped from AWS to Windows. Needs a section by section roadmap for each OS.
Databricks Essentials for Spark Developers (Azure and AWS),2022-07-01 19:41:21,2.0,
Spark SQL and Spark 3 using Scala Hands-On with Labs,2022-07-01 16:58:17,5.0,Super good
"Data Engineering Essentials using SQL, Python, and PySpark",2022-07-01 16:34:07,5.0,
Data Engineering using AWS Data Analytics Services,2022-07-01 16:17:22,4.5,nice  course
Spark SQL and Spark 3 using Scala Hands-On with Labs,2022-07-01 15:38:12,5.0,
"Data Engineering Essentials using SQL, Python, and PySpark",2022-07-01 14:24:19,4.0,
Data Engineering using Databricks on AWS and Azure,2022-07-01 12:57:36,5.0,
Spark SQL and PySpark 3 using Python 3 Hands-On with Labs,2022-07-01 11:16:16,5.0,
"Data Engineering Essentials using SQL, Python, and PySpark",2022-07-01 09:19:40,3.0,
Data Engineering using AWS Data Analytics Services,2022-07-01 09:02:01,5.0,
Data Engineering using Databricks on AWS and Azure,2022-07-01 09:00:31,5.0,
Databricks Certified Associate Developer - Apache Spark 2022,2022-07-01 08:41:20,4.0,
Data Engineering using AWS Data Analytics Services,2022-07-01 08:19:04,5.0,
Data Engineering using AWS Data Analytics Services,2022-07-01 07:41:05,5.0,
"Data Engineering Essentials using SQL, Python, and PySpark",2022-07-01 06:35:43,5.0,
Databricks Certified Associate Developer - Apache Spark 2022,2022-07-01 06:17:43,5.0,
Spark SQL and PySpark 3 using Python 3 Hands-On with Labs,2022-07-01 04:50:44,5.0,
Getting Started with AWS Lambda Functions using Python,2022-06-30 21:28:38,5.0,
Data Engineering using Databricks on AWS and Azure,2022-06-30 21:01:29,5.0,
"Data Engineering Essentials using SQL, Python, and PySpark",2022-06-30 19:34:25,5.0,"This course is really a gem in the field of data engineering, covering all the core concepts from scratch with cloud knowledge, networking, and languages to implement on multiple platforms."
"Data Engineering Essentials using SQL, Python, and PySpark",2022-06-30 16:37:32,5.0,
Data Engineering using AWS Data Analytics Services,2022-06-30 16:31:55,5.0,Courses are very good for Data Engineering
Databricks Essentials for Spark Developers (Azure and AWS),2022-06-30 14:26:45,5.0,
Linux Shell Commands for Absolute Beginners using Ubuntu 20x,2022-06-30 13:49:24,3.0,
"Sqoop, Hive and Impala for Data Analysts (Formerly CCA 159)",2022-06-30 11:30:52,3.5,
Data Engineering using Databricks on AWS and Azure,2022-06-30 10:30:29,3.0,
Databricks Certified Associate Developer - Apache Spark 2022,2022-06-30 10:29:09,5.0,
Getting Started with AWS Lambda Functions using Python,2022-06-30 08:52:52,4.0,
Data Engineering using Databricks on AWS and Azure,2022-06-30 07:20:56,4.0,good
Data Engineering using Databricks on AWS and Azure,2022-06-30 00:23:05,5.0,Excellent detailing on how to use data bricks for Data Engineering
Databricks Certified Associate Developer - Apache Spark 2022,2022-06-29 19:50:02,5.0,
Getting Started with AWS Lambda Functions using Python,2022-06-29 19:28:06,4.0,
Spark SQL and Spark 3 using Scala Hands-On with Labs,2022-06-29 19:19:16,3.5,
Getting Started with AWS Lambda Functions using Python,2022-06-29 17:31:01,4.5,Loved the real time coding and trouble shooting unlike the pre-perfectly-written code
Data Engineering using Databricks on AWS and Azure,2022-06-29 17:02:54,4.0,
Data Engineering using AWS Data Analytics Services,2022-06-29 16:57:23,1.0,
Databricks Essentials for Spark Developers (Azure and AWS),2022-06-29 16:49:03,5.0,
Databricks Certified Associate Developer - Apache Spark 2022,2022-06-29 16:11:06,5.0,so far good
DevOps Series - Server Automation using Ansible,2022-06-29 13:06:52,4.5,
Data Engineering using AWS Data Analytics Services,2022-06-29 13:02:53,5.0,
Data Engineering using Databricks on AWS and Azure,2022-06-29 12:08:14,5.0,
Getting Started with AWS Lambda Functions using Python,2022-06-29 11:51:13,5.0,
Getting Started with AWS Lambda Functions using Python,2022-06-29 10:18:45,5.0,
"Data Engineering Essentials using SQL, Python, and PySpark",2022-06-29 10:16:15,5.0,
Getting Started with AWS Lambda Functions using Python,2022-06-29 09:08:53,4.0,
Getting Started with AWS Lambda Functions using Python,2022-06-29 07:11:03,5.0,
Spark SQL and PySpark 3 using Python 3 Hands-On with Labs,2022-06-29 06:54:09,3.0,
Data Engineering using AWS Data Analytics Services,2022-06-29 06:18:00,5.0,
Databricks Essentials for Spark Developers (Azure and AWS),2022-06-29 04:53:02,5.0,
Data Engineering using AWS Data Analytics Services,2022-06-29 02:40:24,5.0,great pace. To the point. Everything about this instructor is amazing.
Databricks Essentials for Spark Developers (Azure and AWS),2022-06-28 23:49:41,5.0,
Data Engineering using AWS Data Analytics Services,2022-06-28 21:28:37,5.0,
Getting Started with AWS Lambda Functions using Python,2022-06-28 17:28:12,4.0,
Data Engineering using Databricks on AWS and Azure,2022-06-28 16:35:58,4.0,
Databricks Certified Associate Developer - Apache Spark 2022,2022-06-28 16:26:48,5.0,
Databricks Certified Associate Developer - Apache Spark 2022,2022-06-28 16:22:52,5.0,
Linux Shell Commands for Absolute Beginners using Ubuntu 20x,2022-06-28 15:25:39,5.0,"This is an amazing course!!! 
Highly recommended for all DevOps, SysOps, Cloud, and Network Engineers to perform their daily tasks on Linux with confidence."
Data Engineering using Databricks on AWS and Azure,2022-06-28 13:15:21,4.0,
"Data Engineering Essentials using SQL, Python, and PySpark",2022-06-28 12:42:21,5.0,
Data Engineering using Databricks on AWS and Azure,2022-06-28 12:26:43,5.0,
Getting Started with AWS Lambda Functions using Python,2022-06-28 12:23:58,4.5,
Mastering AWS Lambda Functions for Data Engineers,2022-06-28 11:58:25,5.0,
Getting Started with AWS Lambda Functions using Python,2022-06-28 11:03:13,4.5,
Getting Started with AWS Lambda Functions using Python,2022-06-28 10:57:48,4.5,
Getting Started with AWS Lambda Functions using Python,2022-06-28 10:56:16,2.5,
Data Engineering using Databricks on AWS and Azure,2022-06-28 10:28:30,4.5,
Data Engineering using AWS Data Analytics Services,2022-06-28 07:11:10,5.0,
Getting Started with AWS Lambda Functions using Python,2022-06-28 05:24:08,5.0,
Mastering SQL using Postgresql,2022-06-28 04:28:41,4.0,
Databricks Certified Associate Developer - Apache Spark 2022,2022-06-28 02:19:54,5.0,
Data Engineering using AWS Data Analytics Services,2022-06-27 18:26:12,5.0,
Databricks Certified Associate Developer - Apache Spark 2022,2022-06-27 14:24:18,5.0,
Databricks Certified Associate Developer - Apache Spark 2022,2022-06-27 14:03:22,5.0,
Spark SQL and Spark 3 using Scala Hands-On with Labs,2022-06-27 13:59:33,5.0,good
Spark SQL and PySpark 3 using Python 3 Hands-On with Labs,2022-06-27 13:03:40,5.0,
Linux Shell Commands for Absolute Beginners using Ubuntu 20x,2022-06-27 12:53:11,4.0,good
Databricks Essentials for Spark Developers (Azure and AWS),2022-06-27 07:49:46,5.0,
Databricks Certified Associate Developer - Apache Spark 2022,2022-06-27 07:32:07,5.0,The course covers almost everything to crack the databricks certification exam. Thanks for this beautiful course.
Databricks Certified Associate Developer - Apache Spark 2022,2022-06-27 07:18:07,4.0,
Getting Started with AWS Lambda Functions using Python,2022-06-27 05:24:26,4.0,
Databricks Essentials for Spark Developers (Azure and AWS),2022-06-27 05:00:51,5.0,
Data Engineering using AWS Data Analytics Services,2022-06-27 03:50:21,5.0,
Databricks Certified Associate Developer - Apache Spark 2022,2022-06-27 02:39:58,2.5,
Data Engineering using Databricks on AWS and Azure,2022-06-26 22:25:56,5.0,
Databricks Certified Associate Developer - Apache Spark 2022,2022-06-26 18:43:23,4.0,
Getting Started with AWS Lambda Functions using Python,2022-06-26 12:20:13,5.0,
"Data Engineering Essentials using SQL, Python, and PySpark",2022-06-26 08:36:02,5.0,
"Data Engineering Essentials using SQL, Python, and PySpark",2022-06-26 07:30:18,5.0,
Data Engineering using AWS Data Analytics Services,2022-06-26 06:07:44,5.0,
Databricks Certified Associate Developer - Apache Spark 2022,2022-06-26 05:20:04,5.0,Really Good course .
Databricks Certified Associate Developer - Apache Spark 2022,2022-06-25 14:57:55,5.0,
Getting Started with AWS Lambda Functions using Python,2022-06-25 12:02:45,5.0,
Scala and Spark 2 - Getting Started,2022-06-25 05:49:24,5.0,Nice
Data Engineering using Databricks on AWS and Azure,2022-06-25 05:31:10,5.0,
Databricks Certified Associate Developer - Apache Spark 2022,2022-06-25 00:47:04,4.5,Good
Databricks Certified Associate Developer - Apache Spark 2022,2022-06-24 22:16:40,5.0,
Data Engineering using AWS Data Analytics Services,2022-06-24 21:03:01,4.5,Should be showing the instructions for windows user also! Not just Mac and Linux users.
Data Engineering using AWS Data Analytics Services,2022-06-24 17:30:35,4.0,
Spark SQL and PySpark 3 using Python 3 Hands-On with Labs,2022-06-24 17:24:40,5.0,
"Data Engineering Essentials using SQL, Python, and PySpark",2022-06-24 16:27:36,4.5,Extremely detailed. Very good for complete beginners because they cover all foundational areas.
"Data Engineering Essentials using SQL, Python, and PySpark",2022-06-24 15:49:05,5.0,
Data Engineering using Databricks on AWS and Azure,2022-06-24 15:22:42,4.5,
Databricks Certified Associate Developer - Apache Spark 2022,2022-06-24 13:39:13,2.0,
Data Engineering using AWS Data Analytics Services,2022-06-24 12:44:28,5.0,
Data Engineering using AWS Data Analytics Services,2022-06-24 10:53:01,5.0,Very Good Explanations !
Databricks Certified Associate Developer - Apache Spark 2022,2022-06-24 10:48:15,5.0,
Spark SQL and Spark 3 using Scala Hands-On with Labs,2022-06-24 10:07:57,5.0,
Databricks Certified Associate Developer - Apache Spark 2022,2022-06-24 09:08:12,4.5,
Linux Shell Commands for Absolute Beginners using Ubuntu 20x,2022-06-24 07:13:27,4.0,
"Data Engineering Essentials using SQL, Python, and PySpark",2022-06-24 04:54:20,5.0,
Data Engineering using Databricks on AWS and Azure,2022-06-24 04:09:21,4.0,
Spark SQL and Spark 3 using Scala Hands-On with Labs,2022-06-24 03:45:55,5.0,
Spark SQL and Spark 3 using Scala Hands-On with Labs,2022-06-24 02:54:55,4.5,
"Data Engineering Essentials using SQL, Python, and PySpark",2022-06-23 21:04:59,5.0,
Apache Sqoop for Data Ingestion into Hadoop HDFS,2022-06-23 18:04:40,3.5,"always typing the JDBC paratmetrs, it is time waste only."
"Data Engineering Essentials using SQL, Python, and PySpark",2022-06-23 14:45:20,3.0,
Getting Started with AWS Lambda Functions using Python,2022-06-23 13:38:49,4.5,
"Data Engineering Essentials using SQL, Python, and PySpark",2022-06-23 13:28:10,4.0,
"Data Engineering Essentials using SQL, Python, and PySpark",2022-06-23 12:44:55,4.5,seems good...looking frwd
"Data Engineering Essentials using SQL, Python, and PySpark",2022-06-23 11:49:52,5.0,good
"Data Engineering Essentials using SQL, Python, and PySpark",2022-06-23 11:42:42,5.0,
Spark SQL and PySpark 3 using Python 3 Hands-On with Labs,2022-06-23 11:27:08,5.0,
"Data Engineering Essentials using SQL, Python, and PySpark",2022-06-23 06:47:59,4.5,
Data Engineering using AWS Data Analytics Services,2022-06-23 06:23:18,5.0,
Databricks Certified Associate Developer - Apache Spark 2022,2022-06-23 06:04:54,5.0,Very helpful course.
"Data Engineering Essentials using SQL, Python, and PySpark",2022-06-23 06:02:14,4.5,
Data Engineering using Databricks on AWS and Azure,2022-06-23 04:27:15,4.5,
Data Engineering using Databricks on AWS and Azure,2022-06-23 03:06:46,5.0,cool
"Data Engineering Essentials using SQL, Python, and PySpark",2022-06-23 03:02:27,5.0,So good
Data Engineering using AWS Data Analytics Services,2022-06-22 19:54:39,5.0,Excited for the new course. Hope I get the coupon for it. Thanks
Data Engineering using Databricks on AWS and Azure,2022-06-22 15:42:46,1.0,
"Data Engineering Essentials using SQL, Python, and PySpark",2022-06-22 14:18:37,5.0,perfect
"Data Engineering Essentials using SQL, Python, and PySpark",2022-06-22 13:56:06,4.5,
Data Engineering using Databricks on AWS and Azure,2022-06-22 13:48:11,5.0,
Spark SQL and PySpark 3 using Python 3 Hands-On with Labs,2022-06-22 12:50:18,5.0,
Databricks Certified Associate Developer - Apache Spark 2022,2022-06-22 11:41:09,5.0,
Data Engineering using AWS Data Analytics Services,2022-06-22 08:55:22,5.0,
Data Engineering using AWS Data Analytics Services,2022-06-22 08:29:54,5.0,This course will help you understand the aspects of cloud data engineering. Kudos to the Instructor for detailed explanation on each topic. Looking forward for more such contents.
Spark and Hadoop Practice Tests (Formerly CCA 175 Tests),2022-06-22 08:14:33,5.0,
"Data Engineering Essentials using SQL, Python, and PySpark",2022-06-22 06:14:29,1.0,
Data Engineering using Databricks on AWS and Azure,2022-06-22 05:47:30,5.0,
"Sqoop, Hive and Impala for Data Analysts (Formerly CCA 159)",2022-06-22 03:43:56,1.0,no clarity while explaining
Data Engineering using AWS Data Analytics Services,2022-06-22 03:06:51,5.0,
"Data Engineering Essentials using SQL, Python, and PySpark",2022-06-22 02:37:53,4.0,
"Data Engineering Essentials using SQL, Python, and PySpark",2022-06-21 23:27:16,4.0,
Data Engineering using Databricks on AWS and Azure,2022-06-21 20:45:56,5.0,
"Data Engineering Essentials using SQL, Python, and PySpark",2022-06-21 19:08:58,4.5,
Data Engineering using Databricks on AWS and Azure,2022-06-21 18:44:33,5.0,good
Spark SQL and PySpark 3 using Python 3 Hands-On with Labs,2022-06-21 17:43:17,4.0,
"Data Engineering Essentials using SQL, Python, and PySpark",2022-06-21 16:20:56,4.5,
Data Engineering using Databricks on AWS and Azure,2022-06-21 15:47:23,5.0,
Scala and Spark 2 - Getting Started,2022-06-21 14:29:22,3.5,
Data Engineering using AWS Data Analytics Services,2022-06-21 12:47:02,5.0,
"Data Engineering Essentials using SQL, Python, and PySpark",2022-06-21 12:42:19,5.0,
Spark SQL and Spark 3 using Scala Hands-On with Labs,2022-06-21 12:26:59,3.5,
Databricks Certified Associate Developer - Apache Spark 2022,2022-06-21 12:25:23,5.0,
Data Engineering using AWS Data Analytics Services,2022-06-21 09:53:59,5.0,exceptionally well
Spark SQL and PySpark 3 using Python 3 Hands-On with Labs,2022-06-21 07:28:52,4.5,
Databricks Certified Associate Developer - Apache Spark 2022,2022-06-21 06:02:35,5.0,
Data Engineering using AWS Data Analytics Services,2022-06-21 05:44:25,5.0,
Data Engineering using AWS Data Analytics Services,2022-06-21 04:45:11,5.0,Liked the way Raj is teaching :)
Databricks Certified Associate Developer - Apache Spark 2022,2022-06-21 04:30:52,5.0,
Data Engineering using AWS Data Analytics Services,2022-06-21 03:34:11,5.0,
Databricks Certified Associate Developer - Apache Spark 2022,2022-06-20 17:42:35,3.5,
Spark SQL and PySpark 3 using Python 3 Hands-On with Labs,2022-06-20 17:36:07,4.0,
Databricks Certified Associate Developer - Apache Spark 2022,2022-06-20 16:43:06,5.0,
Data Engineering using Databricks on AWS and Azure,2022-06-20 13:08:08,5.0,
Data Engineering using Databricks on AWS and Azure,2022-06-20 12:00:30,5.0,
Data Engineering using AWS Data Analytics Services,2022-06-20 11:53:31,4.0,
Data Engineering using Databricks on AWS and Azure,2022-06-20 07:18:04,3.5,
Spark SQL and PySpark 3 using Python 3 Hands-On with Labs,2022-06-20 05:45:41,4.0,
Data Engineering using AWS Data Analytics Services,2022-06-20 02:23:12,5.0,
"Data Engineering Essentials using SQL, Python, and PySpark",2022-06-20 02:08:04,5.0,Great Course to learn Data Engineering for beginners.
Apache Sqoop for Data Ingestion into Hadoop HDFS,2022-06-19 23:48:18,5.0,
"Data Engineering Essentials using SQL, Python, and PySpark",2022-06-19 23:48:06,5.0,
Getting Started with AWS Lambda Functions using Python,2022-06-19 23:17:36,5.0,I love the way Raju explains the course content and hands on. The course is crystal clear for beginners to understand AWS lambda usage. Though i haven't used could extensively but this course gave me fair understanding of the AWS and AWS lambda usage.
Data Engineering using Databricks on AWS and Azure,2022-06-19 21:10:38,5.0,
"Data Engineering Essentials using SQL, Python, and PySpark",2022-06-19 18:53:46,1.0,"probl√®me de langue 
d√©bit rapide"
Databricks Certified Associate Developer - Apache Spark 2022,2022-06-19 14:42:34,4.0,
Databricks Certified Associate Developer - Apache Spark 2022,2022-06-19 12:12:19,4.0,speaks too fast
Databricks Certified Associate Developer - Apache Spark 2022,2022-06-19 05:02:26,4.0,
Databricks Certified Associate Developer - Apache Spark 2022,2022-06-19 04:55:53,4.0,Good this is the course i expected
"Data Engineering Essentials using SQL, Python, and PySpark",2022-06-19 04:46:42,4.5,
Data Engineering using Databricks on AWS and Azure,2022-06-19 03:59:13,5.0,
Data Engineering using AWS Data Analytics Services,2022-06-18 23:55:23,5.0,I have learnt a lot from this course. A great course for both beginners and experienced professionals
Getting Started with AWS Lambda Functions using Python,2022-06-18 22:36:29,5.0,
Databricks Certified Associate Developer - Apache Spark 2022,2022-06-18 17:45:01,5.0,I did not have much knowledge about spark but this course made concepts really clear. A few topics from exam point of view could be added to the Spark Architecture module but other than that everything else is more than enough to clear the exam!
Databricks Certified Associate Developer - Apache Spark 2022,2022-06-18 11:38:21,5.0,
"Data Engineering Essentials using SQL, Python, and PySpark",2022-06-18 08:04:19,5.0,
"Data Engineering Essentials using SQL, Python, and PySpark",2022-06-18 05:19:39,5.0,Very detailed discussion on the topics.
Databricks Certified Associate Developer - Apache Spark 2022,2022-06-18 02:21:01,5.0,
"Data Engineering Essentials using SQL, Python, and PySpark",2022-06-18 01:58:37,5.0,
"Data Engineering Essentials using SQL, Python, and PySpark",2022-06-17 22:51:55,4.5,
"Data Engineering Essentials using SQL, Python, and PySpark",2022-06-17 22:37:16,5.0,
Data Engineering using AWS Data Analytics Services,2022-06-17 18:17:18,4.0,
"Data Engineering Essentials using SQL, Python, and PySpark",2022-06-17 17:43:07,5.0,
Databricks Essentials for Spark Developers (Azure and AWS),2022-06-17 16:49:41,3.5,
Data Engineering using AWS Data Analytics Services,2022-06-17 14:29:58,5.0,Great Learning!
Data Engineering using Databricks on AWS and Azure,2022-06-17 14:13:53,5.0,Very nice course with detail explanation.
Data Engineering using AWS Data Analytics Services,2022-06-17 13:11:00,5.0,
Data Engineering using AWS Data Analytics Services,2022-06-17 13:07:29,5.0,As part of my day to day job as a Data Engineer at a startup I have the constant need to get upskilled on the various AWS services related to leveraging Data. I could either spend hours on AWS documentation reading up on them OR just go to the particular section in this course and get educated on it. This course has provided me with the hands-on learning experience which is absolutely important when you're trying to ramp up on AWS either for your job or for the AWS Data Analytics Specialty certification. With that said I have already recommended Durga Gadiraju's course to folks in my network
"Data Engineering Essentials using SQL, Python, and PySpark",2022-06-17 11:47:22,5.0,
"Data Engineering Essentials using SQL, Python, and PySpark",2022-06-17 11:04:58,5.0,
Data Engineering using AWS Data Analytics Services,2022-06-17 11:02:05,5.0,This was pretty good walkthrough kind of a course at a speed that i can understand.
Data Engineering using AWS Data Analytics Services,2022-06-17 10:48:31,5.0,The instructors overview and description of the concepts it‚Äôs very detailed and understandable!
Databricks Certified Associate Developer - Apache Spark 2022,2022-06-17 10:44:38,5.0,
Databricks Certified Associate Developer - Apache Spark 2022,2022-06-17 10:38:57,5.0,"This course is very useful for anyone who is looking to make their career in spark area. The topic were explained in details about spark core & architecture, Spark Dataframes API's in depth with examples."
"Data Engineering Essentials using SQL, Python, and PySpark",2022-06-17 10:26:50,5.0,Covered most of the topics!
"Data Engineering Essentials using SQL, Python, and PySpark",2022-06-17 10:06:53,5.0,
"Data Engineering Essentials using SQL, Python, and PySpark",2022-06-17 08:41:38,5.0,Wonderful course to opt for who like to perceive career as Data Engineer  / Data Scientist
Data Engineering using AWS Data Analytics Services,2022-06-17 07:52:37,5.0,"Well I have been following all the courses by Durga sir. But after learning bigdata now I was looking to learn more on cloud side. How things work in cloud in AWS. Some how I came across this course by Durga sir and I immediately went for it. They way Durga sir explains concept is really commendable. I don't have to go here and there googling things.
Although at one point I got stuck at one of the installation process, so I asked for Help and Durga sir by himself came 1 on 1 to resolve my issue. So this is the best thing I have seen. Person is so dedicated to whatever he does. You will not feel as if you have taken a online course for few bucks but rather it will give you a classroom feeling.
I would highly recommend if you are new to aws and looking for hands on to learn and grow"
"Data Engineering Essentials using SQL, Python, and PySpark",2022-06-17 07:44:37,5.0,
"Data Engineering Essentials using SQL, Python, and PySpark",2022-06-17 07:03:15,5.0,The course is really good. I am going through and found it very useful.
Data Engineering using Databricks on AWS and Azure,2022-06-17 06:49:19,5.0,A great learning
Spark SQL and Spark 3 using Scala Hands-On with Labs,2022-06-17 06:23:07,4.5,
Data Engineering using AWS Data Analytics Services,2022-06-17 06:06:32,5.0,"very detailed and practical course.
it gives real time project level hands on.:)"
Data Engineering using AWS Data Analytics Services,2022-06-17 06:00:21,5.0,
Databricks Certified Associate Developer - Apache Spark 2022,2022-06-17 05:55:52,4.5,thank you for the detailed information on pyspark.
Data Engineering using AWS Data Analytics Services,2022-06-17 05:47:13,5.0,V. Good course. Recommended
"Data Engineering Essentials using SQL, Python, and PySpark",2022-06-17 05:44:03,5.0,This is a good course with very good content. Just as per Data Engg Syllabus if any.
Linux Shell Commands for Absolute Beginners using Ubuntu 20x,2022-06-17 05:37:23,5.0,
Databricks Certified Associate Developer - Apache Spark 2022,2022-06-17 05:36:46,5.0,
"Data Engineering Essentials using SQL, Python, and PySpark",2022-06-17 05:29:25,5.0,
Databricks Essentials for Spark Developers (Azure and AWS),2022-06-17 05:01:22,5.0,
"Data Engineering Essentials using SQL, Python, and PySpark",2022-06-17 02:26:30,5.0,
Data Engineering using AWS Data Analytics Services,2022-06-17 01:54:44,4.5,
Data Engineering using AWS Data Analytics Services,2022-06-16 20:41:06,5.0,very good explanation !
Databricks Certified Associate Developer - Apache Spark 2022,2022-06-16 19:12:43,4.0,
Databricks Certified Associate Developer - Apache Spark 2022,2022-06-16 18:40:34,5.0,
Databricks Certified Associate Developer - Apache Spark 2022,2022-06-16 18:17:23,5.0,
Databricks Certified Associate Developer - Apache Spark 2022,2022-06-16 16:31:19,3.0,
Data Engineering using AWS Data Analytics Services,2022-06-16 16:29:20,5.0,
Databricks Certified Associate Developer - Apache Spark 2022,2022-06-16 15:42:56,5.0,
Databricks Certified Associate Developer - Apache Spark 2022,2022-06-16 15:17:53,5.0,
Data Engineering using AWS Data Analytics Services,2022-06-16 14:29:04,3.0,
Databricks Certified Associate Developer - Apache Spark 2022,2022-06-16 14:24:31,5.0,
Data Engineering using AWS Data Analytics Services,2022-06-16 11:50:54,5.0,
"Data Engineering Essentials using SQL, Python, and PySpark",2022-06-16 10:52:35,4.0,It was what I needed and it has been really beneficial but the use of multiple environments causes a confusion sometimes. I can't tell sometimes if I'm not getting exact follow-up because of environment or because I am yet to understand something.
Data Engineering using AWS Data Analytics Services,2022-06-16 08:46:31,4.0,
"Data Engineering Essentials using SQL, Python, and PySpark",2022-06-16 08:46:09,4.5,
Apache Sqoop for Data Ingestion into Hadoop HDFS,2022-06-16 05:53:34,5.0,Nice
Data Engineering using Databricks on AWS and Azure,2022-06-16 05:19:06,5.0,
Data Engineering using AWS Data Analytics Services,2022-06-16 02:32:46,5.0,
Getting Started with AWS Lambda Functions using Python,2022-06-16 00:11:27,5.0,
"Data Engineering Essentials using SQL, Python, and PySpark",2022-06-15 22:24:28,3.5,
"Data Engineering Essentials using SQL, Python, and PySpark",2022-06-15 21:41:38,5.0,
Getting Started with AWS Lambda Functions using Python,2022-06-15 19:39:48,3.5,
Linux Fundamentals for IT Professionals,2022-06-15 18:33:53,3.0,
"Data Engineering Essentials using SQL, Python, and PySpark",2022-06-15 18:12:09,5.0,
Getting Started with AWS Lambda Functions using Python,2022-06-15 16:59:18,5.0,
Data Engineering using AWS Data Analytics Services,2022-06-15 16:41:54,5.0,
Getting Started with AWS Lambda Functions using Python,2022-06-15 16:38:20,1.5,
Getting Started with AWS Lambda Functions using Python,2022-06-15 16:17:39,2.5,
"Data Engineering Essentials using SQL, Python, and PySpark",2022-06-15 15:01:02,5.0,
Spark SQL and PySpark 3 using Python 3 Hands-On with Labs,2022-06-15 14:55:29,5.0,
"Data Engineering Essentials using SQL, Python, and PySpark",2022-06-15 13:34:00,4.0,
Apache Sqoop for Data Ingestion into Hadoop HDFS,2022-06-15 12:55:31,1.0,useless stuff
"Data Engineering Essentials using SQL, Python, and PySpark",2022-06-15 11:19:41,5.0,
Getting Started with AWS Lambda Functions using Python,2022-06-15 11:02:38,5.0,
Getting Started with AWS Lambda Functions using Python,2022-06-15 10:57:12,5.0,
"Data Engineering Essentials using SQL, Python, and PySpark",2022-06-15 10:32:04,1.0,"–ù–µ —Å–æ–æ—Ç–≤–µ—Ç—Å—Ç–≤—É–µ—Ç –æ–∂–∏–¥–∞–Ω–∏—è–º —Å–ª–∏—à–∫–æ–º –º–Ω–æ–≥–æ –≤—Ä–µ–º–µ–Ω–∏ —Ç—Ä–∞—Ç–∏–º –Ω–∞ —É—Å—Ç–∞–Ω–æ–≤–∫–∏ –ø—Ä–æ–≥—Ä–∞–º–º—ã –∏–∑ –∑–∞ —á–∞—Å—Ç—ã—Ö –æ—à–∏–±–æ–∫, –∫–æ—Ç–æ—Ä—ã–µ –º–æ–∂–Ω–æ –∑–∞–º–µ—Ç–∏—Ç—å —Ç–æ–ª—å–∫–æ –≤ –≤–æ–ø—Ä–æ—Å –æ—Ç–≤–µ—Ç, –∏ —á–∞—Å—Ç–æ –ø—Ä–∏—Ö–æ–¥–∏—Ç—Å—è –∏—Å–∫–∞—Ç—å —Å–∞–º–æ–º—É –≤ –∏–Ω—Ç–µ—Ä–Ω–µ—Ç–µ"
Data Engineering using Databricks on AWS and Azure,2022-06-15 09:04:17,4.0,
"Data Engineering Essentials using SQL, Python, and PySpark",2022-06-15 08:29:28,5.0,
"Data Engineering Essentials using SQL, Python, and PySpark",2022-06-14 19:44:11,5.0,
Getting Started with AWS Lambda Functions using Python,2022-06-14 17:29:02,5.0,"It is a nice course and very clearly explain everything in proper manner, so any person who is even not having any prior experience can understand every basic concept and develop complex application.
Thanks Druga sir for making such a nice course."
Practical Guide to setup Hadoop and Spark Cluster using CDH,2022-06-14 16:19:14,5.0,
Data Engineering using Databricks on AWS and Azure,2022-06-14 07:59:44,5.0,
Spark SQL and PySpark 3 using Python 3 Hands-On with Labs,2022-06-14 07:51:20,5.0,
Databricks Certified Associate Developer - Apache Spark 2022,2022-06-14 06:29:42,1.0,not able to understand the lessons
Getting Started with AWS Lambda Functions using Python,2022-06-14 05:30:14,5.0,Very good course to get quick knowledge on AWS Lambda.
Apache Sqoop for Data Ingestion into Hadoop HDFS,2022-06-14 04:12:40,5.0,
Data Engineering using AWS Data Analytics Services,2022-06-14 02:54:34,5.0,
Getting Started with AWS Lambda Functions using Python,2022-06-13 20:43:33,5.0,
Getting Started with AWS Lambda Functions using Python,2022-06-13 20:00:55,5.0,
Data Engineering using Databricks on AWS and Azure,2022-06-13 17:57:41,5.0,
Data Engineering using Databricks on AWS and Azure,2022-06-13 17:41:07,5.0,
Spark SQL and Spark 3 using Scala Hands-On with Labs,2022-06-13 16:01:19,4.5,
"Sqoop, Hive and Impala for Data Analysts (Formerly CCA 159)",2022-06-13 12:36:25,5.0,Course content and quality is excellent. I always trust this author when I want to learn any big data technology. Just amazing. Instructor is extremely  knowledgeable. I also used the lab which is really helpful.
Getting Started with AWS Lambda Functions using Python,2022-06-13 11:55:39,3.0,Difficult to follow (esp. for windows users) after the tutor has created local environment variables and installed packages. It would have been great if he should have shown the steps of AWS configurations.
"Data Engineering Essentials using SQL, Python, and PySpark",2022-06-13 11:14:01,4.0,Very good course.
Data Engineering using AWS Data Analytics Services,2022-06-13 09:31:12,5.0,
Databricks Certified Associate Developer - Apache Spark 2022,2022-06-13 09:28:36,5.0,
Data Engineering using Databricks on AWS and Azure,2022-06-13 08:09:05,5.0,Extremely good and well structured course for data engineers
Data Engineering using AWS Data Analytics Services,2022-06-13 07:39:49,5.0,
Getting Started with AWS Lambda Functions using Python,2022-06-13 06:45:29,5.0,
Spark SQL and Spark 3 using Scala Hands-On with Labs,2022-06-13 05:20:09,4.5,This course really helped me a lot to understand the flow details with expected scenarios and detailed explanations.
Databricks Certified Associate Developer - Apache Spark 2022,2022-06-13 04:52:30,3.0,"Overall, the course was average. 
Pros: 
1. It focused well on the API's part and that is good. That is major portion of the real exam. 
Cons: 
1. Should have better content in architecture part. 
2. Garbage collection related topic is missing. There are couple of questions related to that also in the exam .
3. Should have explained the answers in the practice paper.
4. Should have additional practice papers for practice."
Getting Started with AWS Lambda Functions using Python,2022-06-13 04:04:35,4.5,
Mastering SQL using Postgresql,2022-06-12 23:56:27,5.0,Exceptional course to learn or master SQL using Postgres!!!
Spark SQL and Spark 3 using Scala Hands-On with Labs,2022-06-12 19:27:03,5.0,
"Data Engineering Essentials using SQL, Python, and PySpark",2022-06-12 12:57:04,3.0,
"Data Engineering Essentials using SQL, Python, and PySpark",2022-06-12 10:33:53,2.0,"The course is too long, and many things are too rambling and out of focus.
- I really hope this course can provide basic knowledge as well as a project on data engineering. But nevertheless n has too much rambling knowledge
- you did very well the sql part also python. But there's really no need to be so detailed
- in hadoop and spark, it's too fast and lacks details
- I've seen videos that are cut and don't follow what you show in the course.
- in the hadoop and spark section you explain very confusingly, most of what you show I can't follow because of the lack of interactivity
- nothing is clear
- chaotic
- I never saw you develop gw02.itversity.com ? m02.itversity.com ?. Where do these come from? It's really messy and disorganized
- I thought that you can make a basic system from input data and output data that can give me a real understanding of what a data engineering project consists of and how the complete steps are performed. It doesn't need to be too advanced, but it needs to create the basics for people to build on."
Spark SQL and Spark 3 using Scala Hands-On with Labs,2022-06-12 04:03:42,5.0,
"Data Engineering Essentials using SQL, Python, and PySpark",2022-06-12 02:48:57,5.0,
Linux Shell Commands for Absolute Beginners using Ubuntu 20x,2022-06-11 21:01:34,5.0,
Data Engineering using Databricks on AWS and Azure,2022-06-11 17:18:23,4.0,
"Sqoop, Hive and Impala for Data Analysts (Formerly CCA 159)",2022-06-11 12:20:29,4.5,
"Data Engineering Essentials using SQL, Python, and PySpark",2022-06-11 12:00:58,3.5,
Spark SQL and PySpark 3 using Python 3 Hands-On with Labs,2022-06-11 10:33:10,5.0,
"Data Engineering Essentials using SQL, Python, and PySpark",2022-06-11 10:07:14,4.5,
Databricks Certified Associate Developer - Apache Spark 2022,2022-06-11 10:00:21,5.0,
Data Engineering using Databricks on AWS and Azure,2022-06-11 09:50:02,4.5,
"Data Engineering Essentials using SQL, Python, and PySpark",2022-06-11 06:59:41,5.0,
Data Engineering using AWS Data Analytics Services,2022-06-11 06:57:38,5.0,
"Data Engineering Essentials using SQL, Python, and PySpark",2022-06-11 05:09:25,5.0,
Databricks Certified Associate Developer - Apache Spark 2022,2022-06-10 22:17:42,5.0,
Databricks Essentials for Spark Developers (Azure and AWS),2022-06-10 17:41:04,5.0,
Apache Sqoop for Data Ingestion into Hadoop HDFS,2022-06-10 13:30:22,5.0,
Databricks Certified Associate Developer - Apache Spark 2022,2022-06-10 12:58:03,4.5,Presentation is good with more example scenarios covered. Overall satisfied with this training course and will definitely recommend to my peers & colleagues.
"Data Engineering Essentials using SQL, Python, and PySpark",2022-06-10 12:55:22,5.0,
Databricks Certified Associate Developer - Apache Spark 2022,2022-06-10 11:20:01,5.0,
Databricks Certified Associate Developer - Apache Spark 2022,2022-06-10 11:14:05,4.5,
"Data Engineering Essentials using SQL, Python, and PySpark",2022-06-10 10:28:17,3.5,
"Data Engineering Essentials using SQL, Python, and PySpark",2022-06-10 09:37:18,5.0,
"Data Engineering Essentials using SQL, Python, and PySpark",2022-06-10 07:54:49,2.5,The instructor's accent and speech is not clear enough
Databricks Certified Associate Developer - Apache Spark 2022,2022-06-10 07:15:36,5.0,
Databricks Certified Associate Developer - Apache Spark 2022,2022-06-10 06:49:43,4.0,
"Data Engineering Essentials using SQL, Python, and PySpark",2022-06-10 06:47:25,1.0,So far my experience has been really poor
Spark SQL and Spark 3 using Scala Hands-On with Labs,2022-06-10 05:15:07,5.0,
Databricks Certified Associate Developer - Apache Spark 2022,2022-06-09 22:00:25,3.0,
Build streaming applications using Apache Kafka and Scala,2022-06-09 16:52:31,1.0,He is just selling his product through online course. I was expecting to see production ready setup of Kafka but got an ad of someone else's product.
Databricks Certified Associate Developer - Apache Spark 2022,2022-06-09 12:38:37,5.0,
Data Engineering using Databricks on AWS and Azure,2022-06-09 11:43:26,5.0,
Databricks Essentials for Spark Developers (Azure and AWS),2022-06-09 00:58:55,4.5,
Data Engineering using AWS Data Analytics Services,2022-06-08 20:07:07,5.0,"This course is gold for absolute beginners, I was personally lost as to where to even begin.  But Durga does a good job and piecing them all out. There are many times within the course Durga will come up on common errors and he will make sure that's also explained on how they can be resolved, which I think is AWESOME. Very well scripted and organized.  Thank you for the first steps! Im forever grateful."
Spark SQL and Spark 3 using Scala Hands-On with Labs,2022-06-08 19:06:48,5.0,
"Data Engineering Essentials using SQL, Python, and PySpark",2022-06-08 17:05:17,5.0,
Data Engineering using AWS Data Analytics Services,2022-06-08 14:45:10,4.0,
Databricks Certified Associate Developer - Apache Spark 2022,2022-06-08 13:24:51,3.5,
Data Engineering using AWS Data Analytics Services,2022-06-08 11:08:41,4.5,
Scala and Spark 2 - Getting Started,2022-06-08 11:04:19,4.0,
Data Engineering using Databricks on AWS and Azure,2022-06-08 09:20:41,4.0,
Data Engineering using Databricks on AWS and Azure,2022-06-08 09:18:39,4.5,
Data Engineering using AWS Data Analytics Services,2022-06-08 08:22:43,5.0,
Scala and Spark 2 - Getting Started,2022-06-08 04:00:45,5.0,
Data Engineering using AWS Data Analytics Services,2022-06-08 03:17:27,5.0,"Excellent course, really appreciate the content"
Databricks Certified Associate Developer - Apache Spark 2022,2022-06-08 01:27:17,5.0,
Data Engineering using AWS Data Analytics Services,2022-06-07 20:47:55,4.0,
Linux Shell Commands for Absolute Beginners using Ubuntu 20x,2022-06-07 20:26:17,5.0,
Data Engineering using AWS Data Analytics Services,2022-06-07 20:10:05,5.0,
Data Engineering using Databricks on AWS and Azure,2022-06-07 18:43:23,5.0,
Databricks Certified Associate Developer - Apache Spark 2022,2022-06-07 18:31:50,3.5,
Databricks Certified Associate Developer - Apache Spark 2022,2022-06-07 18:21:43,4.5,
Databricks Certified Associate Developer - Apache Spark 2022,2022-06-07 17:20:43,5.0,
Data Engineering using Databricks on AWS and Azure,2022-06-07 15:11:02,1.0,This course is terrible.
Spark SQL and PySpark 3 using Python 3 Hands-On with Labs,2022-06-07 15:01:43,1.0,
Data Engineering using AWS Data Analytics Services,2022-06-07 14:41:22,4.0,good  but less lab session.
Data Engineering using Databricks on AWS and Azure,2022-06-07 10:59:45,5.0,
Databricks Certified Associate Developer - Apache Spark 2022,2022-06-07 10:15:39,5.0,Excellent every thing you need to pass the Exam
Spark SQL and Spark 3 using Scala Hands-On with Labs,2022-06-07 09:20:17,4.5,
Data Engineering using Databricks on AWS and Azure,2022-06-07 09:13:57,5.0,
Databricks Essentials for Spark Developers (Azure and AWS),2022-06-07 07:52:02,4.0,Good Session
Spark SQL and PySpark 3 using Python 3 Hands-On with Labs,2022-06-07 05:50:19,5.0,
"Data Engineering Essentials using SQL, Python, and PySpark",2022-06-07 05:30:30,4.0,good
Databricks Certified Associate Developer - Apache Spark 2022,2022-06-07 05:06:15,5.0,
Data Engineering using Databricks on AWS and Azure,2022-06-07 00:16:10,5.0,
"Data Engineering Essentials using SQL, Python, and PySpark",2022-06-06 20:30:25,2.5,
Linux Shell Commands for Absolute Beginners using Ubuntu 20x,2022-06-06 19:25:54,4.0,
Spark SQL and Spark 3 using Scala Hands-On with Labs,2022-06-06 18:53:57,1.5,"Setting up the environment itself takes lot of time and effort. If we are getting stuck at any part of the setup , no proper suggestions or help will be provided from the instructor. and even if they provide a suggestion. it might not work properly or successfully. 

At least there should be a interactive session for clarifying doubts on the issues being faced."
Data Engineering using Databricks on AWS and Azure,2022-06-06 17:18:09,5.0,
Data Engineering using AWS Data Analytics Services,2022-06-06 17:11:53,5.0,
"Data Engineering Essentials using SQL, Python, and PySpark",2022-06-06 16:36:35,2.0,The course content is good but Setup the environment is very bad.
Data Engineering using Databricks on AWS and Azure,2022-06-06 13:30:55,5.0,
DevOps Series - Server Automation using Ansible,2022-06-06 13:20:43,1.0,I tried enrolling to setup the environment and it is not allowing/working.. also the course is in a rapid phase.. looks like you are teaching yourself..
Data Engineering using Databricks on AWS and Azure,2022-06-06 12:20:16,5.0,
Data Engineering using AWS Data Analytics Services,2022-06-06 07:23:26,5.0,
Databricks Certified Associate Developer - Apache Spark 2022,2022-06-06 06:01:28,5.0,
DevOps Series - Server Automation using Ansible,2022-06-06 04:51:29,5.0,
"Data Engineering Essentials using SQL, Python, and PySpark",2022-06-06 03:36:22,5.0,
"Data Engineering Essentials using SQL, Python, and PySpark",2022-06-06 00:22:33,5.0,
Databricks Certified Associate Developer - Apache Spark 2022,2022-06-05 12:37:47,5.0,
Data Engineering using AWS Data Analytics Services,2022-06-05 12:21:02,4.0,
Databricks Certified Associate Developer - Apache Spark 2022,2022-06-05 11:54:32,5.0,
Data Engineering using AWS Data Analytics Services,2022-06-05 11:39:45,5.0,"This course has been super helpful as I dive into my new data engineering role! AWS is a behemoth, but I now feel like I understand what tools are available and how to get started building ETL on AWS."
Databricks Essentials for Spark Developers (Azure and AWS),2022-06-05 11:25:10,4.0,
Data Engineering using AWS Data Analytics Services,2022-06-05 10:36:49,5.0,
Databricks Essentials for Spark Developers (Azure and AWS),2022-06-04 23:53:51,5.0,
Data Engineering using Databricks on AWS and Azure,2022-06-04 22:27:06,5.0,The content in these lectures are one of a kind and well planned. To cope with the fast paced delivery I recommend others to be patient and use the pause button as often as needed. Thank you Mr. Raju
Data Engineering using AWS Data Analytics Services,2022-06-04 22:02:05,4.5,Very useful / practical demonstration !
"Data Engineering Essentials using SQL, Python, and PySpark",2022-06-04 19:37:20,5.0,
Databricks Certified Associate Developer - Apache Spark 2022,2022-06-04 18:23:00,4.5,
Databricks Certified Associate Developer - Apache Spark 2022,2022-06-04 17:44:45,5.0,
"Data Engineering Essentials using SQL, Python, and PySpark",2022-06-04 16:13:49,3.5,
Data Engineering using AWS Data Analytics Services,2022-06-04 16:00:34,4.0,
"Data Engineering Essentials using SQL, Python, and PySpark",2022-06-04 12:42:07,5.0,
Databricks Certified Associate Developer - Apache Spark 2022,2022-06-04 10:08:53,4.0,
Databricks Certified Associate Developer - Apache Spark 2022,2022-06-04 06:16:17,4.0,
"Data Engineering Essentials using SQL, Python, and PySpark",2022-06-04 06:09:15,5.0,
Data Engineering using AWS Data Analytics Services,2022-06-04 05:25:49,5.0,
"Data Engineering Essentials using SQL, Python, and PySpark",2022-06-03 22:26:37,5.0,Best Course !
Data Engineering using AWS Data Analytics Services,2022-06-03 19:17:15,5.0,
Data Engineering using Databricks on AWS and Azure,2022-06-03 17:20:27,5.0,
"Data Engineering Essentials using SQL, Python, and PySpark",2022-06-03 15:40:52,4.0,
Data Engineering using AWS Data Analytics Services,2022-06-03 15:06:33,4.5,Good
"Data Engineering Essentials using SQL, Python, and PySpark",2022-06-03 13:55:35,5.0,
Data Engineering using AWS Data Analytics Services,2022-06-03 13:35:57,5.0,
Spark SQL and Spark 3 using Scala Hands-On with Labs,2022-06-03 13:02:12,5.0,
Linux Fundamentals for IT Professionals,2022-06-03 11:10:12,5.0,
Spark SQL and PySpark 3 using Python 3 Hands-On with Labs,2022-06-03 10:43:41,4.5,
Databricks Essentials for Spark Developers (Azure and AWS),2022-06-03 09:21:03,4.5,
"Data Engineering Essentials using SQL, Python, and PySpark",2022-06-03 08:47:12,5.0,
Databricks Certified Associate Developer - Apache Spark 2022,2022-06-03 06:45:17,5.0,
"Data Engineering Essentials using SQL, Python, and PySpark",2022-06-03 04:56:06,5.0,Good
Data Engineering using AWS Data Analytics Services,2022-06-03 01:11:00,5.0,Excellent course material and excellent presentation.
Data Engineering using Databricks on AWS and Azure,2022-06-02 23:07:20,5.0,
